-- MySQL dump 10.14  Distrib 5.5.60-MariaDB, for Linux (x86_64)
--
-- Host: 127.0.0.1    Database: kagstats
-- ------------------------------------------------------
-- Server version	5.7.27

/*!40101 SET @OLD_CHARACTER_SET_CLIENT=@@CHARACTER_SET_CLIENT */;
/*!40101 SET @OLD_CHARACTER_SET_RESULTS=@@CHARACTER_SET_RESULTS */;
/*!40101 SET @OLD_COLLATION_CONNECTION=@@COLLATION_CONNECTION */;
/*!40101 SET NAMES utf8 */;
/*!40103 SET @OLD_TIME_ZONE=@@TIME_ZONE */;
/*!40103 SET TIME_ZONE='+00:00' */;
/*!40014 SET @OLD_UNIQUE_CHECKS=@@UNIQUE_CHECKS, UNIQUE_CHECKS=0 */;
/*!40014 SET @OLD_FOREIGN_KEY_CHECKS=@@FOREIGN_KEY_CHECKS, FOREIGN_KEY_CHECKS=0 */;
/*!40101 SET @OLD_SQL_MODE=@@SQL_MODE, SQL_MODE='NO_AUTO_VALUE_ON_ZERO' */;
/*!40111 SET @OLD_SQL_NOTES=@@SQL_NOTES, SQL_NOTES=0 */;

--
-- Table structure for table `basic_stats`
--

DROP TABLE IF EXISTS `basic_stats`;
/*!40101 SET @saved_cs_client     = @@character_set_client */;
/*!40101 SET character_set_client = utf8 */;
CREATE TABLE `basic_stats` (
  `playerID` int(11) NOT NULL,
  `suicides` int(11) NOT NULL DEFAULT '0',
  `teamkills` int(11) NOT NULL DEFAULT '0',
  `archer_kills` int(11) NOT NULL DEFAULT '0',
  `archer_deaths` int(11) NOT NULL DEFAULT '0',
  `builder_kills` int(11) NOT NULL DEFAULT '0',
  `builder_deaths` int(11) NOT NULL DEFAULT '0',
  `knight_kills` int(11) NOT NULL DEFAULT '0',
  `knight_deaths` int(11) NOT NULL DEFAULT '0',
  `other_kills` int(11) NOT NULL DEFAULT '0',
  `other_deaths` int(11) NOT NULL DEFAULT '0',
  PRIMARY KEY (`playerID`),
  CONSTRAINT `basic_stats_ibfk_1` FOREIGN KEY (`playerID`) REFERENCES `players` (`ID`)
) ENGINE=InnoDB DEFAULT CHARSET=latin1;
/*!40101 SET character_set_client = @saved_cs_client */;

--
-- Dumping data for table `basic_stats`
--

LOCK TABLES `basic_stats` WRITE;
/*!40000 ALTER TABLE `basic_stats` DISABLE KEYS */;
INSERT INTO `basic_stats` VALUES (1,3,0,8,4,0,1,56,20,0,0),(2,2,0,3,6,0,0,20,25,0,0),(3,0,0,0,2,0,0,0,0,0,0),(4,2,0,0,0,0,4,12,11,0,0),(5,1,0,5,11,0,2,9,18,0,0),(6,7,2,7,37,10,53,1,1,0,0),(7,1,0,0,0,0,0,22,24,0,0),(8,1,7,0,2,8,4,0,1,0,0),(9,2,0,0,2,0,0,37,46,0,0),(10,1,0,7,4,28,34,16,2,0,0),(11,3,0,3,4,0,1,32,29,0,0),(12,0,0,8,12,0,4,8,11,0,0),(13,0,0,0,0,0,0,0,2,0,0),(14,3,2,10,20,1,5,2,5,0,0),(15,4,2,1,2,0,2,47,63,0,0),(17,1,1,0,0,0,0,3,7,0,0),(18,0,1,0,0,2,35,21,25,0,0),(19,6,0,11,11,0,0,35,40,0,0),(20,8,0,0,3,2,22,1,0,0,0),(21,3,1,3,2,1,2,6,4,0,0),(22,4,6,0,1,2,24,1,1,0,0),(23,0,0,0,0,0,1,39,22,0,0),(24,0,0,3,3,0,0,0,0,0,0),(25,1,0,0,0,1,1,19,9,0,0),(26,4,0,0,12,0,0,14,9,0,0),(27,7,0,49,30,0,0,10,1,0,0),(28,2,0,0,3,0,1,1,9,0,0),(29,0,0,0,0,0,3,0,0,0,0),(30,5,0,1,1,0,0,1,7,0,0),(32,2,0,0,0,0,0,11,9,0,0),(33,1,0,0,0,0,0,4,4,0,0),(34,0,0,19,10,2,3,0,0,0,0),(35,1,1,0,0,1,0,7,7,0,0),(36,3,0,15,23,0,0,0,1,0,0),(38,2,0,0,0,0,0,8,9,0,0),(39,3,0,0,0,1,14,5,5,0,0),(40,3,0,0,6,0,4,22,32,0,0),(41,1,0,10,13,0,0,0,0,0,0),(42,1,0,1,1,1,2,14,4,0,0),(43,7,1,1,3,0,5,11,33,0,0),(44,1,1,1,2,0,1,36,31,0,0),(45,4,0,3,1,2,2,38,18,0,0),(46,4,2,8,6,1,2,41,19,0,0),(47,1,1,6,3,3,4,29,6,0,0),(48,0,0,0,0,0,0,33,24,0,0),(49,1,0,0,0,0,2,27,18,0,0),(50,1,1,0,0,0,2,5,3,0,0),(51,3,0,0,0,0,6,15,14,0,0),(52,1,0,0,0,1,2,10,10,0,0),(53,2,1,0,0,0,0,10,6,0,0),(54,2,0,3,1,0,0,10,6,0,0),(55,0,0,0,0,0,6,1,5,0,0),(56,0,0,3,13,0,0,5,16,0,0),(57,2,0,7,12,0,0,0,5,0,0),(58,1,0,0,0,0,2,2,6,0,0),(82,0,0,1,2,0,0,0,2,0,0),(83,0,0,0,0,0,0,4,5,0,0),(84,0,0,0,0,0,0,1,1,0,0),(85,2,2,0,1,1,5,3,6,0,0),(86,0,0,0,1,0,0,0,1,0,0),(87,1,0,0,0,0,1,4,4,0,0),(88,0,0,0,0,0,0,0,1,0,0),(89,0,0,1,2,0,1,19,9,0,0),(90,2,0,1,2,7,20,13,12,0,0),(91,1,0,5,4,1,3,25,11,0,0),(92,2,0,0,4,0,0,8,6,0,0),(93,1,0,0,0,0,0,51,16,0,0),(94,1,0,1,10,0,0,8,10,0,0),(95,0,0,0,0,0,0,4,2,0,0),(96,0,0,0,0,0,0,5,1,0,0),(97,0,0,0,4,0,0,0,0,0,0),(98,1,0,0,0,0,0,21,12,0,0),(99,0,0,0,0,0,0,1,1,0,0),(100,0,0,0,0,0,0,0,3,0,0),(101,0,0,0,0,0,0,2,0,0,0),(102,0,0,0,3,0,0,2,1,0,0),(103,1,0,0,0,0,0,4,1,0,0),(104,1,0,0,3,0,0,0,0,0,0);
/*!40000 ALTER TABLE `basic_stats` ENABLE KEYS */;
UNLOCK TABLES;

--
-- Table structure for table `events`
--

DROP TABLE IF EXISTS `events`;
/*!40101 SET @saved_cs_client     = @@character_set_client */;
/*!40101 SET character_set_client = utf8 */;
CREATE TABLE `events` (
  `ID` int(11) NOT NULL AUTO_INCREMENT,
  `playerID` int(11) NOT NULL,
  `type` varchar(30) NOT NULL,
  `time` bigint(20) unsigned NOT NULL,
  `serverID` int(11) NOT NULL,
  PRIMARY KEY (`ID`),
  KEY `playerID` (`playerID`),
  KEY `serverID` (`serverID`),
  CONSTRAINT `events_ibfk_1` FOREIGN KEY (`playerID`) REFERENCES `players` (`ID`),
  CONSTRAINT `events_ibfk_2` FOREIGN KEY (`serverID`) REFERENCES `servers` (`ID`)
) ENGINE=InnoDB AUTO_INCREMENT=227 DEFAULT CHARSET=latin1;
/*!40101 SET character_set_client = @saved_cs_client */;

--
-- Dumping data for table `events`
--

LOCK TABLES `events` WRITE;
/*!40000 ALTER TABLE `events` DISABLE KEYS */;
INSERT INTO `events` VALUES (1,1,'joined',1564247933000,1),(2,2,'joined',1564247933000,1),(3,3,'joined',1564247933000,1),(4,4,'joined',1564247933000,1),(5,5,'joined',1564247933000,1),(6,6,'joined',1564247933000,1),(7,7,'joined',1564247933000,1),(8,8,'joined',1564247933000,1),(9,9,'joined',1564247951000,1),(10,1,'left',1564248016000,1),(11,1,'joined',1564248051000,1),(12,9,'left',1564248072000,1),(13,10,'joined',1564248083000,1),(14,11,'joined',1564248390000,1),(15,12,'joined',1564248528000,1),(16,13,'joined',1564248583000,1),(17,13,'left',1564248631000,1),(18,9,'joined',1564248747000,1),(19,14,'joined',1564248870000,1),(20,15,'joined',1564248908000,1),(21,4,'left',1564249044000,1),(22,14,'left',1564249193000,1),(23,16,'joined',1564249207000,1),(24,16,'left',1564249211000,1),(25,17,'joined',1564249240000,1),(26,3,'left',1564249249000,1),(27,18,'joined',1564249282000,1),(28,7,'left',1564249307000,1),(29,19,'joined',1564249325000,1),(30,18,'left',1564249328000,1),(31,18,'joined',1564249429000,1),(32,20,'joined',1564249530000,1),(33,21,'joined',1564249575000,1),(34,22,'joined',1564249615000,1),(35,23,'joined',1564249647000,1),(36,17,'left',1564249650000,1),(37,24,'joined',1564249661000,1),(38,25,'joined',1564249716000,1),(39,2,'left',1564249728000,1),(40,26,'joined',1564249780000,1),(41,27,'joined',1564249802000,1),(42,28,'joined',1564249820000,1),(43,29,'joined',1564249823000,1),(44,30,'joined',1564249829000,1),(45,29,'left',1564249921000,1),(46,1,'left',1564250009000,1),(47,15,'left',1564250032000,1),(48,8,'left',1564250033000,1),(49,12,'left',1564250042000,1),(50,31,'joined',1564250081000,1),(51,31,'left',1564250132000,1),(52,32,'joined',1564250152000,1),(53,14,'joined',1564250162000,1),(54,33,'joined',1564250172000,1),(55,5,'left',1564250386000,1),(56,33,'left',1564250435000,1),(57,30,'left',1564250443000,1),(58,11,'left',1564250457000,1),(59,9,'left',1564250523000,1),(60,34,'joined',1564250532000,1),(61,30,'joined',1564250631000,1),(62,30,'left',1564250649000,1),(63,28,'left',1564250676000,1),(64,32,'left',1564250726000,1),(65,26,'left',1564250879000,1),(66,35,'joined',1564250918000,1),(67,23,'left',1564250921000,1),(68,24,'left',1564250930000,1),(69,36,'joined',1564251226000,1),(70,37,'joined',1564251327000,1),(71,38,'joined',1564251378000,1),(72,37,'left',1564251387000,1),(73,21,'left',1564251393000,1),(74,14,'left',1564251399000,1),(75,39,'joined',1564251408000,1),(76,14,'joined',1564251421000,1),(77,40,'joined',1564251457000,1),(78,41,'joined',1564251489000,1),(79,25,'left',1564251498000,1),(80,42,'joined',1564251735000,1),(81,34,'left',1564251811000,1),(82,22,'left',1564251843000,1),(83,38,'left',1564251845000,1),(84,43,'joined',1564251856000,1),(85,44,'joined',1564251964000,1),(86,40,'left',1564252003000,1),(87,45,'joined',1564252110000,1),(88,46,'joined',1564252298000,1),(89,41,'left',1564252404000,1),(90,39,'left',1564252427000,1),(91,35,'left',1564252428000,1),(92,27,'left',1564252447000,1),(93,22,'joined',1564252659000,1),(94,47,'joined',1564252719000,1),(95,36,'left',1564252721000,1),(96,42,'left',1564252785000,1),(97,14,'left',1564252811000,1),(98,46,'left',1564252834000,1),(99,19,'left',1564252840000,1),(100,20,'left',1564252853000,1),(101,45,'left',1564252857000,1),(102,48,'joined',1564252887000,1),(103,20,'joined',1564252922000,1),(104,49,'joined',1564252961000,1),(105,50,'joined',1564253322000,1),(106,48,'left',1564253401000,1),(107,49,'left',1564253468000,1),(108,46,'joined',1564253475000,1),(109,49,'joined',1564253498000,1),(110,51,'joined',1564253500000,1),(111,52,'joined',1564253512000,1),(112,40,'joined',1564253653000,1),(113,22,'left',1564253663000,1),(114,53,'joined',1564253689000,1),(115,54,'joined',1564253748000,1),(116,55,'joined',1564253753000,1),(117,48,'joined',1564253767000,1),(118,56,'joined',1564253778000,1),(119,57,'joined',1564253778000,1),(120,45,'joined',1564253864000,1),(121,58,'joined',1564253867000,1),(122,53,'left',1564254085000,1),(123,54,'left',1564254355000,1),(124,50,'left',1564254368000,1),(125,52,'left',1564254369000,1),(126,48,'left',1564254423000,1),(127,82,'joined',1564254574000,1),(128,83,'joined',1564254599000,1),(129,84,'joined',1564254642000,1),(130,85,'joined',1564254654000,1),(131,84,'left',1564254704000,1),(132,44,'left',1564254729000,1),(133,86,'joined',1564254734000,1),(134,82,'left',1564254752000,1),(135,40,'left',1564254774000,1),(136,48,'joined',1564254788000,1),(137,18,'left',1564254812000,1),(138,86,'left',1564254816000,1),(139,87,'joined',1564254826000,1),(140,49,'left',1564254908000,1),(141,48,'left',1564254916000,1),(142,58,'left',1564254940000,1),(143,51,'left',1564254958000,1),(144,46,'left',1564254959000,1),(145,45,'left',1564254961000,1),(146,43,'left',1564255126000,1),(147,88,'joined',1564255192000,1),(148,89,'joined',1564255198000,1),(149,9,'joined',1564255210000,1),(150,88,'left',1564255285000,1),(151,83,'left',1564255332000,1),(152,47,'left',1564255484000,1),(153,90,'joined',1564255518000,1),(154,87,'left',1564255539000,1),(155,91,'joined',1564255596000,1),(156,92,'joined',1564255616000,1),(157,93,'joined',1564255659000,1),(158,57,'left',1564255660000,1),(159,56,'left',1564255663000,1),(160,85,'left',1564255892000,1),(161,34,'joined',1564255999000,1),(162,34,'left',1564256006000,1),(163,9,'left',1564256010000,1),(164,94,'joined',1564256158000,1),(165,95,'joined',1564256202000,1),(166,34,'joined',1564256314000,1),(167,15,'joined',1564256426000,1),(168,96,'joined',1564256456000,1),(169,92,'left',1564256465000,1),(170,96,'left',1564256562000,1),(171,34,'left',1564256563000,1),(172,95,'left',1564256575000,1),(173,55,'left',1564256583000,1),(174,89,'left',1564256600000,1),(175,34,'joined',1564256645000,1),(176,97,'joined',1564256657000,1),(177,98,'joined',1564256792000,1),(178,99,'joined',1564256909000,1),(179,99,'left',1564256950000,1),(180,15,'left',1564257006000,1),(181,15,'joined',1564257023000,1),(182,97,'left',1564257174000,1),(183,26,'joined',1564257438000,1),(184,100,'joined',1564257448000,1),(185,100,'left',1564257583000,1),(186,20,'left',1564257697000,1),(187,98,'left',1564257703000,1),(188,91,'left',1564257709000,1),(189,48,'joined',1564257724000,1),(190,93,'left',1564257726000,1),(191,94,'left',1564257754000,1),(192,26,'left',1564257923000,1),(193,48,'left',1564258338000,1),(194,34,'left',1564258363000,1),(195,15,'left',1564258390000,1),(196,10,'left',1564258412000,1),(197,6,'left',1564258449000,1),(198,90,'left',1564258466000,1),(199,3,'joined',1564280567000,2),(200,3,'left',1564280583000,2),(201,3,'joined',1564281499000,2),(202,3,'left',1564281570000,2),(203,3,'joined',1564281583000,2),(204,3,'left',1564281745000,2),(205,3,'joined',1564282061000,4),(206,101,'joined',1564282102000,4),(207,3,'joined',1564282205000,4),(208,101,'joined',1564282205000,4),(209,3,'left',1564282217000,4),(210,101,'left',1564282240000,4),(211,3,'joined',1564282245000,1),(212,3,'left',1564282403000,1),(213,3,'joined',1564284409000,2),(214,3,'left',1564284419000,2),(215,102,'joined',1564312059126,2),(216,103,'joined',1564312089022,2),(217,104,'joined',1564312279859,2),(218,103,'left',1564312316915,2),(219,104,'left',1564312442908,2),(220,102,'left',1564312603422,2),(221,105,'joined',1564319409320,2),(222,105,'left',1564319435312,2),(223,106,'joined',1564333461046,2),(224,106,'left',1564333520671,2),(225,107,'joined',1564337708047,1),(226,107,'left',1564337727963,1);
/*!40000 ALTER TABLE `events` ENABLE KEYS */;
UNLOCK TABLES;

--
-- Table structure for table `indexer_info`
--

DROP TABLE IF EXISTS `indexer_info`;
/*!40101 SET @saved_cs_client     = @@character_set_client */;
/*!40101 SET character_set_client = utf8 */;
CREATE TABLE `indexer_info` (
  `key_name` varchar(30) NOT NULL,
  `value` int(11) NOT NULL,
  PRIMARY KEY (`key_name`)
) ENGINE=InnoDB DEFAULT CHARSET=latin1;
/*!40101 SET character_set_client = @saved_cs_client */;

--
-- Dumping data for table `indexer_info`
--

LOCK TABLES `indexer_info` WRITE;
/*!40000 ALTER TABLE `indexer_info` DISABLE KEYS */;
INSERT INTO `indexer_info` VALUES ('basic_stats',1376),('basic_stats_version',3),('nemesis',1376),('nemesis_version',1),('top_hitters',1376),('top_hitters_version',1);
/*!40000 ALTER TABLE `indexer_info` ENABLE KEYS */;
UNLOCK TABLES;

--
-- Table structure for table `kills`
--

DROP TABLE IF EXISTS `kills`;
/*!40101 SET @saved_cs_client     = @@character_set_client */;
/*!40101 SET character_set_client = utf8 */;
CREATE TABLE `kills` (
  `ID` int(11) NOT NULL AUTO_INCREMENT,
  `killerID` int(11) NOT NULL,
  `victimID` int(11) NOT NULL,
  `killerClass` enum('archer','builder','knight','other','none') DEFAULT 'none',
  `victimClass` enum('archer','builder','knight','other') NOT NULL DEFAULT 'archer',
  `hitter` int(11) DEFAULT '0',
  `epoch` bigint(20) unsigned NOT NULL,
  `serverID` int(11) NOT NULL,
  `teamKill` tinyint(1) DEFAULT '0',
  PRIMARY KEY (`ID`),
  KEY `killerID` (`killerID`),
  KEY `victimID` (`victimID`),
  KEY `serverID` (`serverID`),
  CONSTRAINT `kills_ibfk_1` FOREIGN KEY (`killerID`) REFERENCES `players` (`ID`),
  CONSTRAINT `kills_ibfk_2` FOREIGN KEY (`victimID`) REFERENCES `players` (`ID`),
  CONSTRAINT `kills_ibfk_3` FOREIGN KEY (`serverID`) REFERENCES `servers` (`ID`)
) ENGINE=InnoDB AUTO_INCREMENT=1377 DEFAULT CHARSET=latin1;
/*!40101 SET character_set_client = @saved_cs_client */;

--
-- Dumping data for table `kills`
--

LOCK TABLES `kills` WRITE;
/*!40000 ALTER TABLE `kills` DISABLE KEYS */;
INSERT INTO `kills` VALUES (1,4,5,'knight','archer',16,1564247945000,1,0),(2,2,2,'archer','archer',2,1564247955000,1,0),(3,4,5,'knight','knight',14,1564247963000,1,0),(4,4,7,'knight','knight',14,1564247971000,1,0),(5,7,4,'knight','knight',14,1564247985000,1,0),(6,7,9,'knight','knight',14,1564248004000,1,0),(7,9,5,'knight','knight',14,1564248026000,1,0),(8,4,8,'knight','knight',14,1564248031000,1,0),(9,7,2,'knight','archer',14,1564248036000,1,0),(10,9,7,'knight','knight',14,1564248039000,1,0),(11,9,9,'knight','knight',26,1564248044000,1,1),(12,4,4,'knight','knight',16,1564248063000,1,1),(13,7,6,'knight','builder',14,1564248078000,1,0),(14,4,7,'knight','knight',14,1564248101000,1,0),(15,4,5,'knight','knight',14,1564248111000,1,0),(16,7,10,'knight','builder',14,1564248122000,1,0),(17,7,4,'knight','knight',14,1564248125000,1,0),(18,7,2,'knight','archer',14,1564248140000,1,0),(19,5,4,'knight','knight',14,1564248150000,1,0),(20,5,6,'knight','builder',14,1564248152000,1,0),(21,2,7,'knight','knight',14,1564248171000,1,0),(22,2,5,'knight','knight',14,1564248172000,1,0),(23,2,7,'knight','knight',14,1564248219000,1,0),(24,2,5,'knight','knight',14,1564248230000,1,0),(25,7,4,'knight','knight',14,1564248263000,1,0),(26,2,1,'knight','knight',14,1564248272000,1,0),(27,6,7,'archer','knight',18,1564248273000,1,0),(28,5,6,'archer','archer',18,1564248287000,1,0),(29,1,4,'knight','knight',30,1564248290000,1,0),(30,4,5,'knight','archer',28,1564248303000,1,0),(31,4,7,'knight','knight',27,1564248303000,1,0),(32,1,2,'knight','knight',14,1564248306000,1,0),(33,1,6,'knight','builder',10,1564248313000,1,0),(34,1,2,'knight','knight',14,1564248346000,1,0),(35,4,7,'knight','knight',14,1564248351000,1,0),(36,4,1,'knight','knight',14,1564248360000,1,0),(37,6,6,'archer','archer',2,1564248363000,1,0),(38,4,5,'knight','archer',14,1564248366000,1,0),(39,2,2,'knight','knight',25,1564248383000,1,1),(40,1,4,'knight','knight',14,1564248385000,1,0),(41,1,6,'knight','archer',14,1564248396000,1,0),(42,1,2,'knight','knight',14,1564248421000,1,0),(43,4,7,'knight','knight',14,1564248432000,1,0),(44,6,5,'archer','archer',18,1564248434000,1,0),(45,6,1,'archer','knight',18,1564248439000,1,0),(46,1,11,'knight','builder',30,1564248448000,1,0),(47,8,5,'builder','archer',30,1564248450000,1,1),(48,1,4,'knight','knight',14,1564248462000,1,0),(49,1,2,'knight','knight',16,1564248471000,1,0),(50,1,6,'knight','archer',14,1564248484000,1,0),(51,11,5,'knight','archer',14,1564248493000,1,0),(52,11,1,'knight','knight',14,1564248496000,1,0),(53,11,7,'knight','knight',14,1564248501000,1,0),(54,1,4,'knight','knight',30,1564248510000,1,0),(55,1,2,'knight','knight',14,1564248521000,1,0),(56,1,11,'knight','knight',16,1564248523000,1,0),(57,1,4,'knight','builder',16,1564248534000,1,0),(58,1,11,'knight','knight',14,1564248556000,1,0),(59,11,1,'knight','knight',16,1564248557000,1,0),(60,12,6,'archer','archer',18,1564248578000,1,0),(61,11,12,'knight','archer',16,1564248580000,1,0),(62,2,5,'archer','knight',18,1564248581000,1,0),(63,7,11,'knight','knight',14,1564248598000,1,0),(64,1,2,'knight','archer',16,1564248600000,1,0),(65,1,13,'knight','knight',14,1564248603000,1,0),(66,5,13,'knight','knight',14,1564248625000,1,0),(67,12,2,'archer','archer',18,1564248630000,1,0),(68,11,7,'knight','knight',14,1564248631000,1,0),(69,6,12,'archer','archer',18,1564248637000,1,0),(70,11,5,'knight','knight',14,1564248639000,1,0),(71,1,1,'builder','builder',30,1564248639000,1,1),(72,1,2,'knight','knight',28,1564248663000,1,0),(73,11,7,'knight','knight',14,1564248691000,1,0),(74,2,1,'knight','knight',14,1564248692000,1,0),(75,4,4,'builder','builder',2,1564248726000,1,0),(76,11,7,'knight','knight',14,1564248730000,1,0),(77,11,1,'knight','knight',14,1564248731000,1,0),(78,12,6,'archer','archer',18,1564248749000,1,0),(79,8,12,'builder','archer',30,1564248757000,1,1),(80,1,11,'knight','knight',14,1564248770000,1,0),(81,2,5,'knight','archer',14,1564248778000,1,0),(82,5,2,'archer','knight',18,1564248778000,1,0),(83,7,9,'knight','knight',14,1564248793000,1,0),(84,1,1,'knight','knight',29,1564248797000,1,0),(85,12,2,'archer','knight',8,1564248806000,1,0),(86,7,6,'knight','archer',14,1564248813000,1,0),(87,11,12,'knight','archer',14,1564248817000,1,0),(88,7,9,'knight','knight',14,1564248823000,1,0),(89,1,11,'knight','knight',14,1564248835000,1,0),(90,2,7,'knight','knight',14,1564248841000,1,0),(91,12,6,'archer','archer',19,1564248846000,1,0),(92,9,5,'knight','knight',14,1564248850000,1,0),(93,1,11,'knight','knight',14,1564248860000,1,0),(94,2,12,'knight','archer',14,1564248861000,1,0),(95,1,2,'knight','knight',14,1564248861000,1,0),(96,1,9,'knight','knight',14,1564248869000,1,0),(97,1,1,'knight','knight',29,1564248877000,1,0),(98,7,2,'knight','knight',14,1564248884000,1,0),(99,11,7,'knight','knight',14,1564248898000,1,0),(100,9,5,'knight','builder',14,1564248905000,1,0),(101,1,9,'knight','knight',14,1564248906000,1,0),(102,6,6,'archer','archer',2,1564248910000,1,0),(103,1,2,'knight','knight',14,1564248914000,1,0),(104,1,10,'knight','builder',16,1564248917000,1,0),(105,1,4,'knight','builder',16,1564248930000,1,0),(106,2,1,'knight','knight',14,1564248934000,1,0),(107,15,12,'knight','archer',14,1564248934000,1,0),(108,7,15,'knight','knight',14,1564248939000,1,0),(109,9,7,'knight','knight',14,1564248943000,1,0),(110,11,5,'knight','builder',14,1564248946000,1,0),(111,1,11,'knight','knight',14,1564248960000,1,0),(112,1,6,'knight','archer',16,1564248962000,1,0),(113,7,9,'knight','knight',14,1564248965000,1,0),(114,1,15,'knight','knight',16,1564248966000,1,0),(115,7,2,'knight','knight',14,1564248969000,1,0),(116,12,4,'archer','builder',18,1564248980000,1,0),(117,9,14,'knight','archer',14,1564248988000,1,0),(118,2,12,'knight','archer',14,1564248991000,1,0),(119,2,7,'knight','knight',14,1564248996000,1,0),(120,1,15,'knight','knight',14,1564248997000,1,0),(121,11,1,'knight','knight',14,1564248999000,1,0),(122,8,9,'builder','knight',30,1564249014000,1,0),(123,8,12,'builder','archer',30,1564249015000,1,1),(124,8,4,'builder','knight',30,1564249018000,1,0),(125,11,11,'knight','knight',16,1564249023000,1,1),(126,1,2,'knight','knight',14,1564249025000,1,0),(127,15,15,'knight','knight',16,1564249028000,1,1),(128,7,7,'knight','knight',11,1564249034000,1,0),(129,1,4,'knight','knight',14,1564249041000,1,0),(130,1,11,'knight','knight',14,1564249046000,1,0),(131,14,9,'archer','knight',18,1564249054000,1,0),(132,8,1,'builder','knight',29,1564249055000,1,1),(133,12,15,'archer','knight',18,1564249062000,1,0),(134,8,12,'builder','archer',29,1564249071000,1,1),(135,7,11,'knight','knight',14,1564249079000,1,0),(136,15,7,'knight','knight',14,1564249083000,1,0),(137,1,15,'knight','knight',14,1564249087000,1,0),(138,1,9,'knight','knight',14,1564249090000,1,0),(139,14,2,'archer','knight',18,1564249097000,1,0),(140,11,14,'knight','archer',14,1564249100000,1,0),(141,7,15,'knight','knight',14,1564249113000,1,0),(142,7,11,'knight','knight',14,1564249113000,1,0),(143,5,5,'archer','archer',2,1564249121000,1,0),(144,1,9,'knight','knight',14,1564249126000,1,0),(145,12,6,'archer','builder',18,1564249134000,1,0),(146,11,7,'knight','knight',14,1564249136000,1,0),(147,1,15,'knight','knight',14,1564249143000,1,0),(148,8,12,'builder','archer',29,1564249150000,1,1),(149,1,2,'knight','knight',14,1564249150000,1,0),(150,1,11,'knight','knight',14,1564249154000,1,0),(151,15,7,'knight','knight',14,1564249161000,1,0),(152,15,1,'knight','knight',14,1564249165000,1,0),(153,2,14,'knight','archer',14,1564249169000,1,0),(154,8,9,'builder','knight',29,1564249184000,1,0),(155,11,14,'knight','archer',14,1564249190000,1,0),(156,1,15,'knight','archer',14,1564249193000,1,0),(157,15,12,'archer','archer',8,1564249196000,1,0),(158,5,9,'archer','knight',18,1564249207000,1,0),(159,1,11,'knight','knight',14,1564249208000,1,0),(160,2,1,'archer','knight',18,1564249215000,1,0),(161,9,7,'knight','knight',14,1564249241000,1,0),(162,8,11,'builder','knight',16,1564249242000,1,0),(163,8,5,'builder','archer',8,1564249247000,1,1),(164,8,10,'builder','builder',20,1564249252000,1,0),(165,1,9,'knight','knight',14,1564249252000,1,0),(166,1,15,'knight','archer',14,1564249260000,1,0),(167,17,12,'knight','archer',26,1564249271000,1,1),(168,17,17,'knight','knight',26,1564249271000,1,1),(169,9,1,'knight','knight',14,1564249275000,1,0),(170,9,7,'knight','knight',14,1564249278000,1,0),(171,7,9,'knight','knight',30,1564249286000,1,0),(172,7,15,'knight','knight',30,1564249294000,1,0),(173,2,12,'archer','knight',18,1564249302000,1,0),(174,7,2,'knight','archer',14,1564249302000,1,0),(175,9,7,'knight','knight',14,1564249304000,1,0),(176,9,1,'knight','archer',14,1564249315000,1,0),(177,9,17,'knight','knight',14,1564249319000,1,0),(178,15,15,'knight','knight',16,1564249326000,1,1),(179,11,12,'archer','builder',19,1564249341000,1,0),(180,1,9,'knight','knight',14,1564249341000,1,0),(181,11,1,'archer','knight',18,1564249343000,1,0),(182,17,15,'knight','knight',14,1564249354000,1,0),(183,1,11,'knight','archer',14,1564249360000,1,0),(184,10,19,'archer','knight',18,1564249362000,1,0),(185,5,6,'knight','builder',20,1564249364000,1,0),(186,1,2,'knight','knight',14,1564249367000,1,0),(187,1,15,'knight','knight',14,1564249376000,1,0),(188,10,17,'archer','knight',18,1564249385000,1,0),(189,19,10,'knight','archer',14,1564249385000,1,0),(190,19,9,'knight','knight',14,1564249388000,1,0),(191,1,2,'knight','knight',14,1564249398000,1,0),(192,11,19,'archer','knight',18,1564249402000,1,0),(193,1,15,'knight','knight',14,1564249405000,1,0),(194,1,11,'knight','archer',14,1564249412000,1,0),(195,1,9,'knight','knight',14,1564249418000,1,0),(196,15,5,'knight','knight',14,1564249432000,1,0),(197,2,17,'knight','knight',14,1564249435000,1,0),(198,19,2,'knight','knight',14,1564249443000,1,0),(199,9,19,'knight','knight',14,1564249445000,1,0),(200,18,9,'knight','knight',14,1564249452000,1,0),(201,18,15,'knight','knight',14,1564249454000,1,0),(202,18,11,'knight','knight',14,1564249461000,1,0),(203,2,19,'knight','knight',14,1564249472000,1,0),(204,1,2,'archer','knight',18,1564249480000,1,0),(205,9,17,'knight','knight',14,1564249481000,1,0),(206,18,15,'knight','knight',14,1564249484000,1,0),(207,18,9,'knight','knight',14,1564249484000,1,0),(208,11,19,'knight','knight',14,1564249493000,1,0),(209,1,11,'archer','knight',18,1564249497000,1,0),(210,18,15,'knight','knight',14,1564249510000,1,0),(211,2,18,'knight','knight',14,1564249514000,1,0),(212,17,9,'knight','knight',14,1564249519000,1,0),(213,17,2,'knight','knight',14,1564249519000,1,0),(214,5,11,'knight','knight',14,1564249520000,1,0),(215,15,19,'knight','knight',14,1564249532000,1,0),(216,1,6,'archer','builder',19,1564249533000,1,0),(217,1,10,'archer','builder',19,1564249534000,1,0),(218,15,5,'knight','knight',14,1564249535000,1,0),(219,18,9,'knight','knight',14,1564249547000,1,0),(220,2,17,'knight','knight',16,1564249547000,1,0),(221,2,18,'knight','knight',16,1564249547000,1,0),(222,19,2,'knight','knight',14,1564249555000,1,0),(223,19,11,'knight','knight',14,1564249555000,1,0),(224,19,15,'knight','knight',14,1564249564000,1,0),(225,9,5,'knight','knight',14,1564249568000,1,0),(226,18,9,'knight','knight',14,1564249575000,1,0),(227,11,12,'knight','builder',16,1564249581000,1,0),(228,11,11,'knight','knight',2,1564249590000,1,0),(229,15,18,'knight','knight',14,1564249592000,1,0),(230,6,2,'archer','knight',1,1564249594000,1,1),(231,15,17,'knight','knight',14,1564249596000,1,0),(232,8,6,'builder','archer',29,1564249601000,1,0),(233,9,1,'knight','archer',14,1564249608000,1,0),(234,5,9,'archer','knight',10,1564249608000,1,0),(235,15,5,'knight','archer',14,1564249609000,1,0),(236,19,15,'knight','knight',16,1564249630000,1,0),(237,2,19,'knight','knight',16,1564249631000,1,0),(238,5,11,'archer','archer',10,1564249640000,1,0),(239,9,12,'knight','builder',14,1564249641000,1,0),(240,21,5,'knight','archer',26,1564249643000,1,0),(241,21,9,'knight','knight',26,1564249643000,1,1),(242,21,21,'knight','knight',26,1564249643000,1,1),(243,8,15,'builder','knight',29,1564249654000,1,0),(244,9,19,'knight','knight',14,1564249668000,1,0),(245,23,9,'knight','knight',14,1564249671000,1,0),(246,18,2,'knight','knight',14,1564249678000,1,0),(247,5,15,'knight','knight',14,1564249683000,1,0),(248,15,18,'knight','knight',16,1564249685000,1,0),(249,11,23,'knight','knight',14,1564249686000,1,0),(250,15,12,'knight','builder',16,1564249686000,1,0),(251,24,11,'archer','knight',18,1564249687000,1,0),(252,1,10,'archer','builder',19,1564249696000,1,0),(253,19,21,'knight','knight',14,1564249701000,1,0),(254,23,9,'knight','knight',14,1564249706000,1,0),(255,1,15,'archer','knight',18,1564249708000,1,0),(256,9,23,'knight','knight',28,1564249709000,1,0),(257,9,18,'knight','knight',16,1564249709000,1,0),(258,2,19,'knight','knight',14,1564249716000,1,0),(259,12,11,'knight','knight',16,1564249718000,1,0),(260,12,2,'knight','knight',14,1564249722000,1,0),(261,9,23,'knight','knight',14,1564249736000,1,0),(262,12,15,'knight','knight',14,1564249740000,1,0),(263,25,12,'knight','knight',14,1564249742000,1,0),(264,25,18,'knight','knight',14,1564249742000,1,0),(265,5,9,'knight','knight',14,1564249748000,1,0),(266,1,21,'archer','knight',18,1564249753000,1,0),(267,11,5,'knight','knight',14,1564249753000,1,0),(268,10,8,'archer','builder',19,1564249755000,1,0),(269,18,11,'knight','knight',10,1564249756000,1,0),(270,23,15,'knight','knight',14,1564249761000,1,0),(271,25,18,'knight','knight',14,1564249761000,1,0),(272,25,23,'knight','knight',14,1564249761000,1,0),(273,15,12,'knight','knight',16,1564249782000,1,0),(274,23,9,'knight','knight',14,1564249783000,1,0),(275,23,15,'knight','knight',14,1564249783000,1,0),(276,11,11,'knight','knight',2,1564249786000,1,1),(277,23,25,'knight','knight',14,1564249788000,1,0),(278,23,26,'knight','knight',14,1564249800000,1,0),(279,24,15,'archer','knight',18,1564249804000,1,0),(280,9,23,'knight','knight',16,1564249809000,1,0),(281,21,21,'knight','knight',16,1564249817000,1,1),(282,25,19,'knight','knight',14,1564249817000,1,0),(283,21,5,'knight','knight',16,1564249818000,1,0),(284,1,9,'archer','knight',18,1564249819000,1,0),(285,25,1,'knight','archer',14,1564249823000,1,0),(286,15,12,'knight','knight',16,1564249831000,1,0),(287,8,20,'builder','builder',20,1564249831000,1,0),(288,15,19,'knight','knight',14,1564249832000,1,0),(289,18,26,'knight','knight',14,1564249835000,1,0),(290,15,18,'knight','knight',14,1564249841000,1,0),(291,8,8,'builder','builder',2,1564249851000,1,1),(292,11,12,'knight','knight',14,1564249851000,1,0),(293,27,28,'archer','archer',18,1564249859000,1,0),(294,11,19,'knight','knight',14,1564249860000,1,0),(295,25,18,'knight','knight',14,1564249867000,1,0),(296,26,1,'knight','archer',14,1564249871000,1,0),(297,26,29,'knight','builder',14,1564249871000,1,0),(298,12,9,'knight','knight',14,1564249873000,1,0),(299,12,15,'knight','knight',14,1564249875000,1,0),(300,23,30,'knight','knight',14,1564249876000,1,0),(301,26,5,'knight','knight',14,1564249877000,1,0),(302,12,10,'knight','builder',14,1564249879000,1,0),(303,12,6,'knight','builder',14,1564249879000,1,0),(304,26,12,'knight','knight',14,1564249881000,1,0),(305,23,26,'knight','knight',14,1564249889000,1,0),(306,25,28,'knight','archer',14,1564249889000,1,0),(307,27,23,'archer','knight',18,1564249890000,1,0),(308,11,29,'knight','builder',14,1564249890000,1,0),(309,19,27,'knight','archer',14,1564249894000,1,0),(310,1,11,'knight','knight',14,1564249895000,1,0),(311,11,1,'knight','knight',28,1564249897000,1,0),(312,25,12,'knight','knight',14,1564249902000,1,0),(313,19,15,'knight','knight',14,1564249903000,1,0),(314,26,19,'knight','knight',14,1564249907000,1,0),(315,23,25,'knight','knight',14,1564249908000,1,0),(316,18,9,'knight','knight',14,1564249908000,1,0),(317,25,23,'knight','knight',28,1564249909000,1,0),(318,25,18,'knight','knight',27,1564249909000,1,0),(319,26,29,'knight','builder',14,1564249915000,1,0),(320,11,28,'knight','knight',14,1564249917000,1,0),(321,21,12,'knight','knight',14,1564249923000,1,0),(322,11,1,'knight','knight',16,1564249925000,1,0),(323,18,15,'knight','knight',14,1564249929000,1,0),(324,18,30,'knight','knight',14,1564249929000,1,0),(325,26,19,'knight','knight',14,1564249930000,1,0),(326,26,18,'knight','knight',14,1564249930000,1,0),(327,26,23,'knight','knight',14,1564249935000,1,0),(328,26,8,'knight','archer',14,1564249935000,1,0),(329,24,11,'archer','knight',18,1564249940000,1,0),(330,26,12,'knight','knight',14,1564249945000,1,0),(331,27,28,'knight','knight',14,1564249950000,1,0),(332,23,26,'knight','knight',14,1564249953000,1,0),(333,27,8,'knight','archer',14,1564249953000,1,0),(334,15,5,'knight','knight',14,1564249953000,1,0),(335,15,23,'knight','knight',14,1564249954000,1,0),(336,15,1,'knight','knight',14,1564249955000,1,0),(337,21,22,'knight','builder',16,1564249955000,1,0),(338,23,6,'knight','builder',16,1564249956000,1,0),(339,9,18,'knight','knight',14,1564249959000,1,0),(340,15,19,'knight','knight',14,1564249959000,1,0),(341,12,9,'knight','knight',14,1564249965000,1,0),(342,25,12,'knight','knight',28,1564249969000,1,0),(343,25,28,'knight','knight',28,1564249969000,1,0),(344,1,30,'knight','knight',14,1564249974000,1,0),(345,23,15,'knight','knight',14,1564249975000,1,0),(346,25,23,'knight','knight',28,1564249975000,1,0),(347,27,19,'knight','knight',14,1564249980000,1,0),(348,27,8,'knight','builder',14,1564249983000,1,0),(349,5,11,'knight','archer',14,1564249983000,1,0),(350,27,5,'knight','knight',14,1564249984000,1,0),(351,1,26,'knight','knight',14,1564249988000,1,0),(352,25,22,'knight','builder',14,1564249990000,1,0),(353,9,18,'knight','knight',14,1564249992000,1,0),(354,25,1,'knight','knight',14,1564249992000,1,0),(355,23,25,'knight','knight',28,1564249995000,1,0),(356,23,10,'knight','builder',28,1564249995000,1,0),(357,21,28,'knight','knight',14,1564249997000,1,0),(358,21,12,'knight','knight',14,1564250001000,1,0),(359,11,8,'knight','builder',14,1564250010000,1,0),(360,30,30,'knight','knight',0,1564250220000,1,0),(361,32,23,'knight','knight',14,1564250226000,1,0),(362,9,32,'knight','knight',14,1564250232000,1,0),(363,10,26,'builder','archer',13,1564250234000,1,0),(364,14,14,'archer','archer',0,1564250235000,1,0),(365,11,27,'knight','archer',14,1564250249000,1,0),(366,32,32,'knight','knight',2,1564250264000,1,0),(367,30,26,'archer','archer',2,1564250268000,1,0),(368,11,27,'knight','archer',14,1564250273000,1,0),(369,23,5,'knight','knight',14,1564250284000,1,0),(370,9,19,'knight','knight',14,1564250292000,1,0),(371,32,9,'knight','knight',10,1564250296000,1,0),(372,32,33,'knight','knight',14,1564250301000,1,0),(373,26,26,'archer','archer',0,1564250308000,1,0),(374,32,23,'knight','knight',14,1564250311000,1,0),(375,30,30,'archer','archer',0,1564250311000,1,0),(376,32,6,'knight','builder',14,1564250322000,1,0),(377,33,19,'knight','knight',14,1564250332000,1,0),(378,28,28,'archer','archer',0,1564250332000,1,0),(379,33,32,'knight','knight',14,1564250335000,1,0),(380,27,11,'archer','knight',18,1564250336000,1,0),(381,9,27,'knight','archer',14,1564250338000,1,0),(382,30,30,'knight','knight',2,1564250351000,1,0),(383,32,33,'knight','knight',14,1564250355000,1,0),(384,23,32,'knight','knight',14,1564250361000,1,0),(385,9,28,'knight','builder',14,1564250367000,1,0),(386,19,26,'knight','archer',14,1564250368000,1,0),(387,19,19,'knight','knight',0,1564250369000,1,0),(388,27,6,'archer','archer',18,1564250369000,1,0),(389,5,9,'knight','knight',14,1564250378000,1,0),(390,30,30,'knight','knight',2,1564250379000,1,0),(391,11,5,'knight','knight',14,1564250379000,1,0),(392,26,26,'archer','archer',0,1564250393000,1,0),(393,23,19,'knight','knight',14,1564250393000,1,0),(394,32,11,'knight','knight',14,1564250393000,1,0),(395,32,23,'knight','knight',14,1564250394000,1,0),(396,33,32,'knight','knight',14,1564250395000,1,0),(397,33,27,'knight','archer',14,1564250397000,1,0),(398,33,33,'knight','knight',0,1564250399000,1,0),(399,11,28,'knight','knight',14,1564250415000,1,0),(400,30,30,'knight','knight',2,1564250416000,1,0),(401,19,9,'knight','knight',14,1564250428000,1,0),(402,32,11,'knight','knight',14,1564250431000,1,0),(403,19,33,'knight','knight',14,1564250431000,1,0),(404,19,6,'knight','archer',14,1564250434000,1,0),(405,30,23,'knight','builder',14,1564250438000,1,0),(406,27,27,'archer','archer',0,1564250439000,1,0),(407,25,26,'builder','archer',13,1564250454000,1,0),(408,19,11,'knight','knight',14,1564250456000,1,0),(409,19,9,'knight','archer',14,1564250464000,1,0),(410,23,19,'knight','knight',14,1564250466000,1,0),(411,28,28,'knight','knight',0,1564250473000,1,0),(412,23,32,'knight','knight',14,1564250475000,1,0),(413,27,9,'archer','archer',18,1564250492000,1,0),(414,20,20,'builder','builder',0,1564250496000,1,0),(415,28,23,'knight','knight',14,1564250504000,1,0),(416,27,9,'archer','knight',18,1564250518000,1,0),(417,32,23,'knight','knight',14,1564250529000,1,0),(418,25,26,'knight','archer',14,1564250554000,1,0),(419,27,27,'archer','archer',26,1564250561000,1,1),(420,32,23,'knight','knight',14,1564250563000,1,0),(421,32,32,'knight','knight',16,1564250573000,1,1),(422,34,19,'archer','knight',18,1564250573000,1,0),(423,23,28,'knight','knight',14,1564250589000,1,0),(424,14,6,'builder','builder',29,1564250597000,1,0),(425,23,14,'knight','builder',14,1564250601000,1,0),(426,26,26,'archer','archer',0,1564250613000,1,0),(427,23,19,'knight','knight',14,1564250613000,1,0),(428,27,27,'archer','archer',0,1564250620000,1,0),(429,23,28,'knight','knight',14,1564250626000,1,0),(430,20,20,'builder','builder',0,1564250630000,1,0),(431,26,26,'archer','archer',0,1564250636000,1,0),(432,23,19,'knight','knight',14,1564250637000,1,0),(433,34,32,'archer','knight',18,1564250640000,1,0),(434,27,6,'archer','builder',18,1564250643000,1,0),(435,23,28,'knight','knight',14,1564250659000,1,0),(436,27,23,'archer','knight',18,1564250662000,1,0),(437,27,24,'archer','archer',18,1564250667000,1,0),(438,34,27,'archer','archer',18,1564250678000,1,0),(439,23,25,'knight','knight',26,1564250704000,1,0),(440,19,23,'knight','knight',14,1564250713000,1,0),(441,34,32,'archer','knight',18,1564250725000,1,0),(442,23,26,'knight','archer',14,1564250737000,1,0),(443,25,23,'knight','knight',14,1564250737000,1,0),(444,27,27,'archer','archer',0,1564250749000,1,0),(445,23,25,'knight','knight',14,1564250767000,1,0),(446,19,34,'knight','archer',16,1564250773000,1,0),(447,19,6,'knight','builder',16,1564250773000,1,0),(448,19,23,'knight','knight',16,1564250789000,1,0),(449,22,19,'builder','knight',21,1564250791000,1,0),(450,6,26,'knight','archer',14,1564250794000,1,0),(451,27,24,'archer','archer',2,1564250804000,1,0),(452,21,14,'builder','builder',13,1564250808000,1,0),(453,27,18,'archer','builder',18,1564250814000,1,0),(454,27,22,'archer','builder',18,1564250820000,1,0),(455,23,19,'knight','knight',14,1564250826000,1,0),(456,14,6,'knight','archer',14,1564250833000,1,0),(457,23,14,'knight','knight',14,1564250836000,1,0),(458,23,25,'knight','builder',14,1564250841000,1,0),(459,27,22,'archer','builder',18,1564250848000,1,0),(460,23,26,'knight','archer',14,1564250850000,1,0),(461,23,19,'knight','knight',14,1564250850000,1,0),(462,23,14,'knight','knight',14,1564250852000,1,0),(463,25,23,'knight','knight',14,1564250863000,1,0),(464,27,24,'archer','archer',18,1564250867000,1,0),(465,34,14,'archer','knight',18,1564250877000,1,0),(466,19,34,'knight','archer',14,1564250879000,1,0),(467,23,27,'knight','archer',14,1564250887000,1,0),(468,23,19,'knight','knight',10,1564250902000,1,0),(469,23,25,'knight','knight',14,1564250906000,1,0),(470,23,14,'knight','archer',14,1564250910000,1,0),(471,20,20,'builder','builder',0,1564250916000,1,0),(472,19,23,'knight','knight',14,1564250918000,1,0),(473,19,21,'knight','builder',14,1564250919000,1,0),(474,27,34,'archer','archer',19,1564250926000,1,0),(475,22,27,'knight','archer',10,1564250954000,1,0),(476,14,21,'archer','builder',19,1564250966000,1,0),(477,19,22,'knight','knight',14,1564250983000,1,0),(478,14,14,'archer','archer',0,1564250991000,1,0),(479,27,14,'archer','archer',18,1564251012000,1,0),(480,27,27,'archer','archer',0,1564251014000,1,0),(481,14,6,'archer','builder',29,1564251015000,1,1),(482,19,19,'knight','knight',0,1564251033000,1,0),(483,27,14,'archer','archer',18,1564251053000,1,0),(484,35,6,'knight','builder',14,1564251056000,1,0),(485,22,22,'archer','archer',0,1564251081000,1,0),(486,27,27,'archer','archer',0,1564251081000,1,0),(487,19,19,'knight','knight',16,1564251084000,1,1),(488,34,35,'archer','knight',18,1564251111000,1,0),(489,34,19,'archer','knight',18,1564251128000,1,0),(490,14,20,'archer','builder',10,1564251163000,1,0),(491,35,6,'knight','builder',14,1564251165000,1,0),(492,27,18,'archer','builder',18,1564251168000,1,0),(493,22,22,'builder','builder',1,1564251171000,1,0),(494,18,6,'builder','builder',30,1564251182000,1,1),(495,21,19,'archer','knight',18,1564251183000,1,0),(496,34,27,'archer','archer',18,1564251227000,1,0),(497,21,21,'archer','archer',2,1564251233000,1,0),(498,19,34,'knight','archer',14,1564251238000,1,0),(499,19,19,'knight','knight',0,1564251257000,1,0),(500,21,36,'archer','archer',18,1564251261000,1,0),(501,14,22,'builder','builder',29,1564251303000,1,1),(502,27,14,'archer','builder',18,1564251308000,1,0),(503,34,36,'archer','archer',18,1564251323000,1,0),(504,27,14,'archer','builder',30,1564251333000,1,0),(505,27,22,'archer','builder',30,1564251338000,1,0),(506,21,27,'archer','archer',18,1564251343000,1,0),(507,34,35,'archer','knight',18,1564251344000,1,0),(508,19,6,'knight','builder',14,1564251360000,1,0),(509,19,19,'knight','knight',0,1564251364000,1,0),(510,27,22,'archer','builder',30,1564251374000,1,0),(511,34,36,'archer','archer',18,1564251384000,1,0),(512,19,21,'knight','archer',14,1564251389000,1,0),(513,27,14,'archer','builder',30,1564251391000,1,0),(514,18,25,'builder','knight',30,1564251393000,1,0),(515,27,27,'archer','archer',29,1564251400000,1,0),(516,22,18,'builder','builder',30,1564251407000,1,1),(517,22,6,'builder','archer',30,1564251430000,1,1),(518,22,18,'builder','builder',30,1564251434000,1,1),(519,27,6,'archer','archer',8,1564251453000,1,0),(520,14,27,'archer','archer',18,1564251454000,1,0),(521,39,19,'knight','knight',14,1564251457000,1,0),(522,14,25,'archer','knight',18,1564251458000,1,0),(523,39,38,'knight','knight',14,1564251458000,1,0),(524,22,18,'builder','builder',30,1564251458000,1,1),(525,36,14,'archer','archer',2,1564251461000,1,0),(526,22,6,'builder','archer',30,1564251467000,1,1),(527,36,36,'archer','archer',2,1564251471000,1,0),(528,19,39,'knight','knight',14,1564251475000,1,0),(529,27,6,'archer','archer',10,1564251487000,1,0),(530,27,34,'archer','archer',18,1564251492000,1,0),(531,25,25,'knight','knight',16,1564251495000,1,1),(532,19,22,'knight','builder',14,1564251497000,1,0),(533,38,38,'knight','knight',0,1564251502000,1,0),(534,27,34,'archer','archer',18,1564251510000,1,0),(535,39,19,'knight','knight',10,1564251512000,1,0),(536,27,40,'archer','archer',10,1564251513000,1,0),(537,27,22,'archer','builder',18,1564251516000,1,0),(538,36,6,'archer','archer',18,1564251517000,1,0),(539,38,39,'knight','knight',14,1564251521000,1,0),(540,14,36,'archer','archer',18,1564251521000,1,0),(541,27,18,'archer','builder',18,1564251525000,1,0),(542,39,39,'knight','knight',0,1564251540000,1,0),(543,41,27,'archer','archer',18,1564251544000,1,0),(544,19,40,'knight','knight',14,1564251553000,1,0),(545,39,39,'knight','knight',0,1564251560000,1,0),(546,22,22,'builder','builder',0,1564251560000,1,0),(547,39,38,'knight','knight',14,1564251576000,1,0),(548,36,6,'archer','archer',18,1564251579000,1,0),(549,6,19,'archer','knight',18,1564251579000,1,0),(550,27,40,'archer','knight',18,1564251583000,1,0),(551,36,36,'archer','archer',0,1564251584000,1,0),(552,39,27,'knight','archer',14,1564251584000,1,0),(553,38,39,'knight','knight',14,1564251598000,1,0),(554,14,14,'archer','archer',2,1564251604000,1,0),(555,34,38,'archer','knight',18,1564251607000,1,0),(556,41,36,'archer','archer',18,1564251611000,1,0),(557,27,40,'archer','knight',18,1564251611000,1,0),(558,10,41,'builder','archer',16,1564251619000,1,0),(559,41,20,'archer','builder',18,1564251619000,1,0),(560,40,27,'knight','archer',14,1564251625000,1,0),(561,22,40,'builder','knight',29,1564251627000,1,1),(562,38,39,'knight','builder',14,1564251632000,1,0),(563,6,6,'builder','builder',0,1564251642000,1,0),(564,38,40,'knight','knight',14,1564251653000,1,0),(565,10,41,'builder','archer',16,1564251663000,1,0),(566,38,39,'knight','builder',14,1564251665000,1,0),(567,22,27,'builder','archer',13,1564251669000,1,0),(568,40,38,'knight','knight',14,1564251673000,1,0),(569,27,40,'archer','knight',7,1564251690000,1,0),(570,38,22,'knight','builder',14,1564251692000,1,0),(571,39,38,'builder','knight',13,1564251693000,1,0),(572,27,6,'archer','knight',8,1564251694000,1,0),(573,20,39,'builder','builder',13,1564251697000,1,0),(574,41,36,'archer','archer',18,1564251701000,1,0),(575,27,18,'archer','builder',18,1564251703000,1,0),(576,38,38,'knight','knight',0,1564251712000,1,0),(577,36,22,'archer','builder',18,1564251724000,1,0),(578,36,39,'archer','builder',18,1564251728000,1,0),(579,36,40,'archer','knight',18,1564251730000,1,0),(580,27,34,'archer','archer',18,1564251736000,1,0),(581,34,36,'archer','archer',18,1564251738000,1,0),(582,20,20,'builder','builder',0,1564251742000,1,0),(583,38,6,'knight','archer',14,1564251747000,1,0),(584,19,39,'archer','builder',19,1564251751000,1,0),(585,38,22,'knight','builder',14,1564251759000,1,0),(586,40,36,'knight','archer',14,1564251763000,1,0),(587,34,38,'archer','knight',18,1564251766000,1,0),(588,27,41,'archer','archer',18,1564251769000,1,0),(589,19,39,'archer','builder',18,1564251774000,1,0),(590,19,6,'archer','archer',18,1564251786000,1,0),(591,42,40,'knight','knight',14,1564251787000,1,0),(592,27,40,'archer','archer',18,1564251806000,1,0),(593,42,18,'knight','builder',14,1564251811000,1,0),(594,19,22,'archer','builder',18,1564251812000,1,0),(595,40,40,'archer','archer',0,1564251828000,1,0),(596,18,38,'knight','knight',14,1564251830000,1,0),(597,36,18,'archer','knight',18,1564251832000,1,0),(598,6,19,'archer','archer',18,1564251834000,1,0),(599,20,22,'builder','builder',13,1564251836000,1,0),(600,6,27,'archer','archer',18,1564251838000,1,0),(601,36,41,'archer','archer',18,1564251840000,1,0),(602,36,6,'archer','archer',18,1564251860000,1,0),(603,41,36,'archer','archer',18,1564251863000,1,0),(604,35,41,'builder','archer',21,1564251866000,1,0),(605,27,40,'archer','archer',18,1564251869000,1,0),(606,10,14,'builder','archer',16,1564251876000,1,0),(607,42,36,'archer','archer',18,1564251886000,1,0),(608,19,18,'archer','builder',18,1564251889000,1,0),(609,19,40,'archer','archer',18,1564251890000,1,0),(610,27,6,'archer','archer',18,1564251891000,1,0),(611,19,41,'archer','archer',18,1564251893000,1,0),(612,27,43,'archer','knight',18,1564251898000,1,0),(613,42,42,'archer','archer',0,1564251898000,1,0),(614,40,27,'knight','archer',14,1564251907000,1,0),(615,19,40,'archer','knight',10,1564251916000,1,0),(616,35,19,'builder','archer',29,1564251916000,1,1),(617,10,6,'knight','archer',14,1564251932000,1,0),(618,40,35,'knight','knight',14,1564251940000,1,0),(619,40,27,'knight','archer',14,1564251940000,1,0),(620,40,27,'knight','archer',14,1564251954000,1,0),(621,10,14,'knight','archer',20,1564251954000,1,0),(622,36,36,'archer','archer',0,1564251969000,1,0),(623,10,18,'knight','builder',20,1564251972000,1,0),(624,19,6,'archer','archer',19,1564251978000,1,0),(625,35,40,'knight','knight',10,1564251982000,1,0),(626,10,18,'knight','builder',20,1564251994000,1,0),(627,27,44,'archer','archer',18,1564251995000,1,0),(628,35,40,'knight','builder',14,1564252000000,1,0),(629,27,6,'archer','archer',18,1564252003000,1,0),(630,27,14,'archer','archer',18,1564252008000,1,0),(631,42,43,'builder','builder',13,1564252008000,1,0),(632,44,35,'knight','knight',14,1564252010000,1,0),(633,44,42,'knight','builder',14,1564252011000,1,0),(634,27,18,'archer','builder',18,1564252014000,1,0),(635,27,6,'archer','archer',18,1564252021000,1,0),(636,35,27,'knight','archer',14,1564252035000,1,0),(637,18,20,'builder','builder',13,1564252039000,1,0),(638,36,18,'archer','builder',18,1564252039000,1,0),(639,41,41,'archer','archer',11,1564252041000,1,0),(640,19,6,'archer','archer',18,1564252053000,1,0),(641,36,18,'archer','builder',10,1564252060000,1,0),(642,44,36,'knight','archer',14,1564252061000,1,0),(643,41,19,'archer','archer',18,1564252064000,1,0),(644,44,27,'knight','archer',14,1564252065000,1,0),(645,44,39,'knight','builder',14,1564252069000,1,0),(646,10,18,'builder','builder',20,1564252080000,1,0),(647,44,36,'knight','archer',14,1564252085000,1,0),(648,10,41,'builder','archer',20,1564252085000,1,0),(649,44,39,'knight','builder',14,1564252089000,1,0),(650,43,19,'archer','archer',19,1564252092000,1,0),(651,27,43,'archer','archer',18,1564252094000,1,0),(652,10,44,'builder','knight',20,1564252097000,1,0),(653,35,39,'knight','builder',14,1564252115000,1,0),(654,44,36,'knight','archer',14,1564252116000,1,0),(655,19,18,'archer','builder',18,1564252117000,1,0),(656,6,6,'archer','archer',0,1564252117000,1,0),(657,43,19,'knight','archer',14,1564252119000,1,0),(658,45,45,'knight','knight',0,1564252132000,1,0),(659,10,18,'builder','builder',20,1564252137000,1,0),(660,10,6,'builder','archer',16,1564252137000,1,0),(661,45,27,'knight','archer',14,1564252143000,1,0),(662,36,43,'archer','knight',10,1564252144000,1,0),(663,45,36,'knight','archer',14,1564252154000,1,0),(664,6,6,'archer','archer',0,1564252159000,1,0),(665,27,45,'archer','knight',18,1564252161000,1,0),(666,14,36,'knight','archer',14,1564252185000,1,0),(667,41,27,'archer','archer',18,1564252189000,1,0),(668,45,19,'archer','archer',18,1564252189000,1,0),(669,27,14,'archer','knight',26,1564252192000,1,0),(670,27,18,'knight','builder',10,1564252206000,1,0),(671,44,27,'knight','knight',14,1564252214000,1,0),(672,36,41,'archer','archer',18,1564252227000,1,0),(673,44,39,'knight','builder',14,1564252229000,1,0),(674,10,18,'builder','builder',16,1564252234000,1,0),(675,10,6,'builder','archer',29,1564252236000,1,0),(676,10,44,'builder','knight',20,1564252244000,1,0),(677,45,36,'archer','archer',18,1564252247000,1,0),(678,10,41,'builder','archer',25,1564252250000,1,0),(679,42,45,'knight','archer',14,1564252253000,1,0),(680,10,18,'builder','builder',20,1564252256000,1,0),(681,41,39,'archer','builder',18,1564252258000,1,0),(682,42,6,'knight','archer',14,1564252259000,1,0),(683,44,44,'knight','knight',26,1564252264000,1,1),(684,41,19,'archer','archer',18,1564252267000,1,0),(685,42,41,'knight','archer',14,1564252267000,1,0),(686,45,42,'knight','knight',14,1564252273000,1,0),(687,45,39,'knight','builder',14,1564252274000,1,0),(688,45,36,'knight','archer',14,1564252277000,1,0),(689,10,6,'builder','archer',25,1564252279000,1,0),(690,45,19,'knight','archer',14,1564252284000,1,0),(691,10,44,'builder','knight',16,1564252285000,1,0),(692,45,36,'knight','archer',10,1564252293000,1,0),(693,41,35,'archer','knight',18,1564252293000,1,0),(694,45,39,'knight','builder',14,1564252293000,1,0),(695,45,19,'knight','archer',14,1564252298000,1,0),(696,18,42,'knight','knight',14,1564252302000,1,0),(697,35,14,'knight','knight',14,1564252308000,1,0),(698,27,46,'knight','archer',20,1564252316000,1,0),(699,42,43,'knight','knight',14,1564252317000,1,0),(700,45,35,'knight','knight',14,1564252319000,1,0),(701,42,18,'knight','knight',14,1564252321000,1,0),(702,42,45,'knight','knight',14,1564252327000,1,0),(703,19,19,'archer','archer',0,1564252333000,1,0),(704,46,36,'archer','archer',18,1564252334000,1,0),(705,42,46,'knight','archer',14,1564252334000,1,0),(706,35,35,'knight','knight',0,1564252339000,1,0),(707,27,18,'knight','knight',14,1564252343000,1,0),(708,27,41,'knight','archer',14,1564252345000,1,0),(709,6,6,'archer','archer',2,1564252346000,1,0),(710,42,14,'knight','archer',14,1564252348000,1,0),(711,39,39,'builder','builder',0,1564252350000,1,0),(712,27,44,'knight','builder',14,1564252353000,1,0),(713,42,18,'knight','knight',14,1564252366000,1,0),(714,42,45,'knight','knight',14,1564252368000,1,0),(715,42,6,'knight','archer',14,1564252370000,1,0),(716,42,41,'knight','archer',14,1564252371000,1,0),(717,43,43,'archer','archer',0,1564252395000,1,0),(718,46,19,'archer','archer',18,1564252609000,1,0),(719,19,46,'knight','archer',14,1564252630000,1,0),(720,36,44,'archer','knight',2,1564252632000,1,0),(721,45,42,'builder','builder',29,1564252646000,1,0),(722,36,14,'archer','archer',18,1564252647000,1,0),(723,46,36,'archer','archer',18,1564252655000,1,0),(724,19,43,'knight','builder',14,1564252672000,1,0),(725,14,46,'archer','archer',18,1564252675000,1,0),(726,14,44,'archer','knight',18,1564252678000,1,0),(727,46,14,'archer','archer',18,1564252698000,1,0),(728,10,45,'builder','builder',13,1564252699000,1,0),(729,46,42,'archer','knight',18,1564252710000,1,0),(730,44,36,'knight','knight',14,1564252713000,1,0),(731,44,19,'knight','knight',14,1564252719000,1,0),(732,14,46,'archer','archer',18,1564252743000,1,0),(733,44,47,'knight','knight',14,1564252750000,1,0),(734,19,22,'knight','builder',14,1564252754000,1,0),(735,19,44,'knight','knight',14,1564252758000,1,0),(736,46,14,'archer','archer',18,1564252763000,1,0),(737,6,42,'builder','knight',29,1564252769000,1,0),(738,46,19,'archer','knight',18,1564252773000,1,0),(739,46,14,'archer','archer',18,1564252791000,1,0),(740,10,22,'builder','builder',31,1564252796000,1,0),(741,47,43,'knight','builder',14,1564252798000,1,0),(742,45,10,'builder','builder',13,1564252799000,1,0),(743,44,14,'knight','archer',14,1564252806000,1,0),(744,44,20,'knight','builder',14,1564252808000,1,0),(745,22,22,'builder','builder',11,1564252815000,1,0),(746,19,46,'knight','archer',14,1564252817000,1,0),(747,6,19,'builder','knight',29,1564252825000,1,0),(748,44,48,'knight','knight',14,1564253044000,1,0),(749,49,43,'knight','builder',14,1564253054000,1,0),(750,48,49,'knight','knight',14,1564253063000,1,0),(751,44,18,'knight','knight',14,1564253081000,1,0),(752,44,48,'knight','knight',14,1564253085000,1,0),(753,49,43,'knight','knight',14,1564253099000,1,0),(754,48,49,'knight','knight',14,1564253112000,1,0),(755,10,6,'builder','builder',31,1564253116000,1,0),(756,48,44,'knight','knight',14,1564253118000,1,0),(757,43,49,'knight','knight',14,1564253160000,1,0),(758,10,44,'knight','knight',28,1564253168000,1,0),(759,10,22,'knight','builder',27,1564253168000,1,0),(760,10,6,'knight','builder',27,1564253168000,1,0),(761,10,10,'knight','knight',27,1564253168000,1,1),(762,10,6,'builder','builder',28,1564253191000,1,0),(763,48,49,'knight','knight',28,1564253197000,1,0),(764,48,44,'knight','knight',27,1564253197000,1,0),(765,48,22,'knight','builder',14,1564253204000,1,0),(766,47,43,'builder','knight',29,1564253211000,1,0),(767,48,6,'knight','builder',14,1564253212000,1,0),(768,49,48,'knight','knight',14,1564253215000,1,0),(769,10,22,'knight','builder',28,1564253236000,1,0),(770,10,44,'knight','knight',27,1564253236000,1,0),(771,48,49,'knight','knight',14,1564253243000,1,0),(772,47,43,'builder','builder',13,1564253253000,1,0),(773,49,18,'knight','builder',14,1564253268000,1,0),(774,10,49,'knight','knight',28,1564253268000,1,0),(775,10,22,'knight','builder',14,1564253274000,1,0),(776,44,10,'knight','knight',14,1564253289000,1,0),(777,49,43,'knight','archer',10,1564253295000,1,0),(778,49,18,'knight','builder',16,1564253295000,1,0),(779,49,48,'knight','knight',14,1564253306000,1,0),(780,44,43,'knight','knight',14,1564253324000,1,0),(781,48,44,'knight','knight',14,1564253328000,1,0),(782,48,47,'knight','builder',14,1564253330000,1,0),(783,47,48,'builder','knight',28,1564253333000,1,0),(784,50,18,'knight','knight',14,1564253363000,1,0),(785,44,43,'knight','knight',14,1564253371000,1,0),(786,44,18,'knight','knight',28,1564253381000,1,0),(787,48,44,'knight','knight',14,1564253396000,1,0),(788,49,20,'knight','builder',14,1564253399000,1,0),(789,47,48,'knight','knight',14,1564253399000,1,0),(790,47,43,'knight','knight',28,1564253403000,1,0),(791,18,22,'knight','builder',14,1564253419000,1,0),(792,18,6,'knight','builder',14,1564253419000,1,0),(793,18,49,'knight','knight',14,1564253419000,1,0),(794,18,50,'knight','knight',14,1564253422000,1,0),(795,47,18,'knight','knight',28,1564253422000,1,0),(796,47,43,'knight','knight',27,1564253422000,1,0),(797,47,20,'knight','builder',28,1564253424000,1,0),(798,47,49,'knight','knight',28,1564253437000,1,0),(799,18,6,'knight','builder',14,1564253453000,1,0),(800,47,18,'knight','knight',14,1564253455000,1,0),(801,47,49,'knight','knight',14,1564253457000,1,0),(802,47,20,'knight','builder',14,1564253459000,1,0),(803,40,51,'knight','knight',14,1564253698000,1,0),(804,44,6,'knight','builder',14,1564253703000,1,0),(805,52,44,'builder','knight',29,1564253706000,1,0),(806,46,52,'builder','builder',29,1564253719000,1,1),(807,46,40,'builder','knight',29,1564253719000,1,0),(808,53,51,'knight','knight',14,1564253724000,1,0),(809,44,46,'knight','builder',16,1564253736000,1,0),(810,51,40,'knight','knight',10,1564253746000,1,0),(811,53,51,'knight','knight',14,1564253751000,1,0),(812,46,44,'knight','knight',14,1564253774000,1,0),(813,40,46,'knight','knight',14,1564253780000,1,0),(814,40,52,'knight','builder',14,1564253781000,1,0),(815,53,43,'knight','knight',14,1564253801000,1,0),(816,40,51,'knight','knight',14,1564253808000,1,0),(817,52,40,'knight','knight',14,1564253809000,1,0),(818,53,52,'knight','knight',14,1564253813000,1,0),(819,53,56,'knight','archer',14,1564253815000,1,0),(820,53,46,'knight','builder',14,1564253816000,1,0),(821,53,6,'knight','builder',14,1564253816000,1,0),(822,48,43,'knight','knight',14,1564253827000,1,0),(823,48,51,'knight','knight',14,1564253838000,1,0),(824,44,52,'knight','knight',6,1564253850000,1,0),(825,53,40,'knight','knight',26,1564253861000,1,1),(826,46,48,'knight','knight',14,1564253866000,1,0),(827,47,44,'knight','knight',14,1564253866000,1,0),(828,47,53,'knight','knight',14,1564253867000,1,0),(829,46,46,'knight','knight',12,1564253873000,1,0),(830,56,57,'archer','archer',18,1564253876000,1,0),(831,10,47,'archer','knight',18,1564253878000,1,0),(832,10,56,'archer','archer',18,1564253880000,1,0),(833,43,43,'knight','knight',6,1564253882000,1,0),(834,45,40,'knight','knight',14,1564253895000,1,0),(835,45,58,'knight','knight',14,1564253898000,1,0),(836,10,56,'archer','archer',18,1564253905000,1,0),(837,48,45,'knight','knight',14,1564253908000,1,0),(838,48,46,'knight','knight',14,1564253915000,1,0),(839,47,44,'knight','knight',26,1564253921000,1,0),(840,47,47,'knight','knight',26,1564253921000,1,1),(841,47,48,'knight','knight',26,1564253921000,1,0),(842,43,40,'knight','knight',26,1564253930000,1,0),(843,43,51,'knight','knight',26,1564253931000,1,1),(844,43,58,'knight','knight',26,1564253931000,1,0),(845,43,43,'knight','knight',26,1564253931000,1,1),(846,45,10,'knight','archer',14,1564253936000,1,0),(847,46,53,'knight','knight',14,1564253937000,1,0),(848,45,57,'knight','archer',14,1564253939000,1,0),(849,54,45,'knight','knight',14,1564253943000,1,0),(850,46,54,'knight','knight',14,1564253954000,1,0),(851,44,56,'knight','archer',14,1564253957000,1,0),(852,52,44,'knight','knight',14,1564253958000,1,0),(853,43,40,'knight','knight',14,1564253958000,1,0),(854,57,58,'archer','knight',18,1564253960000,1,0),(855,53,46,'knight','knight',14,1564253961000,1,0),(856,53,45,'knight','knight',14,1564253973000,1,0),(857,54,43,'knight','knight',14,1564253977000,1,0),(858,54,52,'knight','knight',10,1564253989000,1,0),(859,44,51,'knight','knight',2,1564253998000,1,0),(860,53,53,'knight','knight',1,1564254002000,1,0),(861,58,47,'knight','builder',14,1564254005000,1,0),(862,46,54,'knight','knight',14,1564254006000,1,0),(863,57,40,'archer','knight',18,1564254007000,1,0),(864,46,44,'knight','knight',16,1564254008000,1,0),(865,43,58,'knight','knight',14,1564254010000,1,0),(866,48,52,'knight','knight',14,1564254018000,1,0),(867,46,53,'knight','knight',14,1564254030000,1,0),(868,40,51,'knight','knight',14,1564254033000,1,0),(869,45,44,'knight','knight',14,1564254036000,1,0),(870,40,46,'knight','knight',14,1564254040000,1,0),(871,54,43,'knight','knight',14,1564254043000,1,0),(872,50,50,'builder','builder',6,1564254045000,1,0),(873,53,52,'knight','knight',14,1564254050000,1,0),(874,54,45,'knight','knight',14,1564254052000,1,0),(875,54,56,'knight','archer',14,1564254054000,1,0),(876,40,40,'knight','knight',12,1564254064000,1,0),(877,53,53,'knight','knight',12,1564254065000,1,0),(878,54,54,'knight','knight',12,1564254070000,1,0),(879,44,57,'knight','knight',14,1564254071000,1,0),(880,52,18,'knight','builder',14,1564254078000,1,0),(881,44,52,'knight','knight',14,1564254079000,1,0),(882,46,53,'knight','knight',14,1564254083000,1,0),(883,46,10,'knight','archer',16,1564254085000,1,0),(884,46,48,'knight','knight',10,1564254086000,1,0),(885,40,43,'knight','knight',14,1564254091000,1,0),(886,45,40,'knight','knight',14,1564254095000,1,0),(887,46,44,'knight','knight',14,1564254096000,1,0),(888,54,56,'archer','archer',7,1564254097000,1,0),(889,52,49,'knight','builder',16,1564254109000,1,0),(890,45,48,'knight','knight',14,1564254112000,1,0),(891,40,57,'knight','knight',14,1564254115000,1,0),(892,46,40,'knight','knight',14,1564254115000,1,0),(893,52,54,'knight','archer',14,1564254120000,1,0),(894,46,46,'knight','knight',12,1564254130000,1,0),(895,45,40,'knight','knight',14,1564254132000,1,0),(896,52,52,'knight','knight',12,1564254132000,1,0),(897,10,43,'knight','knight',14,1564254135000,1,0),(898,10,51,'knight','builder',14,1564254136000,1,0),(899,45,49,'knight','knight',14,1564254137000,1,0),(900,54,45,'knight','knight',14,1564254143000,1,0),(901,54,54,'knight','knight',1,1564254156000,1,0),(902,43,43,'knight','knight',12,1564254159000,1,0),(903,46,44,'knight','knight',16,1564254165000,1,0),(904,6,6,'builder','builder',12,1564254167000,1,0),(905,57,57,'knight','knight',16,1564254168000,1,1),(906,45,45,'knight','knight',26,1564254173000,1,1),(907,45,50,'knight','builder',26,1564254173000,1,0),(908,46,18,'knight','builder',16,1564254184000,1,0),(909,46,56,'knight','archer',16,1564254189000,1,0),(910,43,43,'knight','knight',12,1564254190000,1,0),(911,54,46,'knight','knight',14,1564254207000,1,0),(912,40,40,'archer','archer',12,1564254207000,1,0),(913,49,49,'builder','builder',12,1564254207000,1,0),(914,48,57,'knight','knight',14,1564254213000,1,0),(915,44,18,'knight','builder',12,1564254213000,1,1),(916,52,44,'knight','knight',14,1564254217000,1,0),(917,52,10,'knight','builder',14,1564254218000,1,0),(918,54,43,'knight','knight',14,1564254219000,1,0),(919,40,45,'knight','knight',14,1564254231000,1,0),(920,51,51,'builder','builder',2,1564254233000,1,0),(921,40,52,'knight','knight',14,1564254233000,1,0),(922,40,46,'knight','knight',14,1564254236000,1,0),(923,46,40,'knight','knight',16,1564254237000,1,0),(924,54,47,'archer','builder',1,1564254244000,1,0),(925,6,48,'builder','knight',29,1564254244000,1,0),(926,44,43,'knight','knight',14,1564254248000,1,0),(927,54,55,'archer','builder',19,1564254251000,1,0),(928,49,57,'knight','knight',6,1564254252000,1,0),(929,10,46,'archer','knight',18,1564254265000,1,0),(930,52,49,'knight','knight',16,1564254269000,1,0),(931,52,10,'knight','archer',16,1564254269000,1,0),(932,52,56,'knight','archer',16,1564254269000,1,0),(933,45,45,'knight','knight',12,1564254269000,1,0),(934,54,51,'knight','builder',14,1564254271000,1,0),(935,43,54,'knight','knight',14,1564254273000,1,0),(936,48,43,'knight','knight',14,1564254277000,1,0),(937,50,52,'knight','knight',14,1564254280000,1,0),(938,40,6,'knight','builder',21,1564254283000,1,0),(939,46,44,'knight','knight',14,1564254295000,1,0),(940,46,50,'knight','knight',14,1564254298000,1,0),(941,46,48,'knight','knight',14,1564254300000,1,0),(942,46,18,'knight','builder',16,1564254305000,1,0),(943,49,45,'knight','knight',14,1564254309000,1,0),(944,46,43,'knight','knight',26,1564254310000,1,1),(945,46,49,'knight','knight',26,1564254310000,1,0),(946,49,51,'knight','builder',14,1564254328000,1,0),(947,45,45,'knight','knight',12,1564254328000,1,0),(948,50,48,'knight','knight',29,1564254337000,1,1),(949,50,57,'knight','archer',29,1564254337000,1,0),(950,46,56,'knight','archer',14,1564254338000,1,0),(951,43,50,'knight','knight',14,1564254338000,1,0),(952,6,54,'builder','knight',29,1564254343000,1,0),(953,46,44,'knight','knight',14,1564254349000,1,0),(954,45,18,'knight','builder',10,1564254352000,1,0),(955,50,52,'knight','knight',29,1564254354000,1,0),(956,46,40,'knight','knight',14,1564254356000,1,0),(957,50,46,'knight','knight',14,1564254357000,1,0),(958,57,49,'archer','knight',18,1564254363000,1,0),(959,44,51,'knight','builder',14,1564254366000,1,0),(960,47,10,'archer','builder',19,1564254367000,1,0),(961,47,56,'archer','archer',19,1564254369000,1,0),(962,47,40,'archer','knight',19,1564254374000,1,0),(963,45,49,'knight','knight',10,1564254386000,1,0),(964,47,10,'archer','builder',19,1564254389000,1,0),(965,46,40,'knight','knight',14,1564254391000,1,0),(966,46,44,'knight','knight',14,1564254394000,1,0),(967,49,46,'knight','knight',14,1564254403000,1,0),(968,51,51,'knight','knight',6,1564254417000,1,0),(969,47,48,'archer','knight',19,1564254421000,1,0),(970,44,47,'knight','builder',14,1564254439000,1,0),(971,45,49,'knight','knight',14,1564254441000,1,0),(972,57,40,'archer','knight',18,1564254444000,1,0),(973,43,43,'knight','knight',28,1564254451000,1,0),(974,46,46,'knight','knight',27,1564254451000,1,0),(975,45,18,'knight','builder',14,1564254453000,1,0),(976,45,56,'knight','archer',14,1564254457000,1,0),(977,40,6,'knight','builder',14,1564254462000,1,0),(978,51,40,'knight','knight',14,1564254465000,1,0),(979,49,51,'knight','knight',14,1564254467000,1,0),(980,45,18,'knight','builder',10,1564254470000,1,0),(981,46,10,'knight','builder',14,1564254473000,1,0),(982,44,46,'knight','knight',14,1564254480000,1,0),(983,40,43,'knight','knight',14,1564254490000,1,0),(984,49,51,'knight','builder',14,1564254497000,1,0),(985,46,18,'knight','builder',14,1564254502000,1,0),(986,49,46,'knight','knight',14,1564254503000,1,0),(987,58,58,'builder','builder',30,1564254505000,1,1),(988,49,43,'knight','knight',14,1564254516000,1,0),(989,51,49,'knight','knight',28,1564254520000,1,0),(990,51,40,'knight','knight',27,1564254520000,1,0),(991,45,10,'archer','builder',18,1564254523000,1,0),(992,51,18,'knight','builder',16,1564254528000,1,0),(993,56,51,'archer','knight',18,1564254532000,1,0),(994,46,44,'knight','knight',14,1564254537000,1,0),(995,49,46,'knight','knight',14,1564254538000,1,0),(996,49,45,'knight','knight',14,1564254547000,1,0),(997,44,57,'archer','archer',18,1564254557000,1,0),(998,46,44,'knight','archer',16,1564254560000,1,0),(999,46,56,'knight','archer',14,1564254566000,1,0),(1000,43,43,'knight','knight',1,1564254575000,1,0),(1001,44,46,'knight','knight',14,1564254583000,1,0),(1002,51,44,'knight','knight',28,1564254592000,1,0),(1003,49,6,'knight','builder',14,1564254592000,1,0),(1004,6,18,'builder','builder',1,1564254596000,1,0),(1005,49,55,'knight','builder',14,1564254597000,1,0),(1006,46,40,'knight','knight',14,1564254605000,1,0),(1007,46,82,'knight','knight',14,1564254611000,1,0),(1008,49,43,'knight','knight',14,1564254616000,1,0),(1009,49,6,'knight','builder',14,1564254618000,1,0),(1010,44,46,'knight','knight',14,1564254619000,1,0),(1011,40,51,'knight','knight',14,1564254621000,1,0),(1012,47,44,'knight','knight',21,1564254625000,1,0),(1013,49,43,'knight','knight',14,1564254633000,1,0),(1014,51,82,'knight','knight',14,1564254643000,1,0),(1015,47,40,'knight','knight',14,1564254643000,1,0),(1016,47,18,'knight','builder',14,1564254644000,1,0),(1017,46,49,'knight','knight',14,1564254645000,1,0),(1018,56,57,'archer','archer',18,1564254651000,1,0),(1019,51,18,'knight','builder',14,1564254657000,1,0),(1020,44,51,'knight','knight',14,1564254658000,1,0),(1021,84,45,'knight','builder',14,1564254670000,1,0),(1022,46,56,'knight','archer',16,1564254674000,1,0),(1023,49,43,'knight','knight',14,1564254676000,1,0),(1024,46,40,'knight','builder',14,1564254690000,1,0),(1025,83,46,'knight','knight',14,1564254693000,1,0),(1026,51,18,'knight','builder',16,1564254693000,1,0),(1027,45,44,'knight','knight',14,1564254699000,1,0),(1028,51,84,'knight','knight',14,1564254700000,1,0),(1029,57,82,'archer','archer',18,1564254701000,1,0),(1030,46,40,'knight','builder',16,1564254719000,1,0),(1031,46,44,'knight','knight',14,1564254727000,1,0),(1032,83,43,'knight','knight',14,1564254727000,1,0),(1033,47,56,'knight','knight',6,1564254732000,1,0),(1034,49,55,'knight','builder',14,1564254733000,1,0),(1035,45,40,'knight','builder',14,1564254741000,1,0),(1036,47,82,'knight','archer',16,1564254741000,1,0),(1037,47,83,'knight','knight',16,1564254741000,1,0),(1038,82,47,'archer','knight',18,1564254741000,1,0),(1039,10,20,'builder','builder',13,1564254756000,1,0),(1040,46,10,'knight','builder',10,1564254757000,1,0),(1041,56,45,'knight','knight',14,1564254760000,1,0),(1042,51,40,'knight','knight',14,1564254767000,1,0),(1043,51,10,'knight','builder',14,1564254771000,1,0),(1044,51,18,'knight','knight',14,1564254777000,1,0),(1045,51,83,'knight','knight',14,1564254782000,1,0),(1046,47,10,'knight','builder',14,1564254785000,1,0),(1047,47,18,'knight','knight',14,1564254790000,1,0),(1048,45,86,'knight','archer',14,1564254791000,1,0),(1049,45,56,'knight','knight',16,1564254796000,1,0),(1050,47,83,'knight','knight',14,1564254800000,1,0),(1051,45,18,'knight','knight',14,1564254810000,1,0),(1052,45,48,'knight','knight',14,1564254811000,1,0),(1053,45,86,'knight','knight',14,1564254813000,1,0),(1054,45,58,'knight','knight',14,1564254823000,1,0),(1055,57,57,'archer','archer',29,1564254826000,1,0),(1056,43,83,'knight','knight',14,1564254834000,1,0),(1057,45,56,'knight','knight',10,1564254837000,1,0),(1058,58,45,'knight','knight',14,1564254838000,1,0),(1059,48,43,'knight','knight',14,1564254840000,1,0),(1060,47,56,'knight','knight',26,1564254855000,1,0),(1061,47,58,'knight','knight',26,1564254855000,1,0),(1062,47,85,'knight','builder',26,1564254855000,1,1),(1063,46,48,'knight','knight',14,1564254863000,1,0),(1064,46,83,'knight','knight',16,1564254864000,1,0),(1065,46,46,'knight','knight',16,1564254864000,1,1),(1066,49,6,'knight','builder',14,1564254875000,1,0),(1067,87,47,'knight','knight',14,1564254875000,1,0),(1068,49,55,'knight','builder',14,1564254877000,1,0),(1069,43,85,'knight','knight',26,1564254882000,1,0),(1070,45,58,'knight','builder',14,1564254895000,1,0),(1071,85,85,'knight','knight',26,1564254897000,1,1),(1072,85,45,'knight','knight',26,1564254898000,1,0),(1073,85,87,'knight','knight',26,1564254898000,1,1),(1074,85,48,'knight','knight',26,1564254898000,1,1),(1075,55,49,'knight','knight',14,1564254899000,1,0),(1076,43,56,'knight','knight',14,1564254901000,1,0),(1077,83,43,'knight','knight',14,1564254910000,1,0),(1078,51,51,'knight','knight',26,1564254916000,1,1),(1079,51,56,'knight','knight',26,1564254916000,1,0),(1080,83,47,'knight','archer',14,1564254924000,1,0),(1081,45,85,'knight','knight',14,1564254925000,1,0),(1082,45,87,'knight','knight',10,1564254926000,1,0),(1083,89,85,'knight','builder',14,1564255265000,1,0),(1084,56,88,'knight','knight',14,1564255278000,1,0),(1085,89,6,'knight','builder',10,1564255286000,1,0),(1086,56,89,'knight','knight',14,1564255304000,1,0),(1087,6,85,'builder','archer',29,1564255307000,1,1),(1088,57,47,'archer','archer',18,1564255339000,1,0),(1089,47,57,'archer','archer',19,1564255339000,1,0),(1090,56,9,'knight','knight',14,1564255354000,1,0),(1091,89,56,'knight','knight',14,1564255360000,1,0),(1092,57,47,'archer','archer',18,1564255371000,1,0),(1093,89,57,'knight','archer',14,1564255372000,1,0),(1094,89,6,'knight','builder',14,1564255378000,1,0),(1095,89,56,'knight','knight',14,1564255387000,1,0),(1096,87,9,'knight','knight',14,1564255407000,1,0),(1097,87,87,'knight','knight',27,1564255407000,1,1),(1098,47,56,'knight','knight',14,1564255407000,1,0),(1099,89,57,'knight','archer',14,1564255409000,1,0),(1100,47,56,'knight','knight',14,1564255426000,1,0),(1101,87,89,'knight','knight',14,1564255429000,1,0),(1102,89,87,'knight','knight',11,1564255432000,1,0),(1103,47,56,'knight','knight',14,1564255446000,1,0),(1104,87,47,'knight','knight',14,1564255448000,1,0),(1105,47,85,'knight','knight',14,1564255475000,1,0),(1106,9,56,'knight','knight',10,1564255485000,1,0),(1107,9,56,'knight','knight',14,1564255509000,1,0),(1108,20,20,'builder','builder',11,1564255517000,1,0),(1109,89,85,'knight','builder',10,1564255518000,1,0),(1110,90,87,'knight','builder',14,1564255538000,1,0),(1111,9,56,'knight','knight',14,1564255539000,1,0),(1112,9,57,'knight','archer',14,1564255550000,1,0),(1113,90,90,'knight','knight',11,1564255560000,1,0),(1114,9,56,'knight','knight',14,1564255588000,1,0),(1115,89,57,'knight','archer',14,1564255597000,1,0),(1116,6,89,'builder','knight',29,1564255599000,1,0),(1117,9,9,'knight','knight',26,1564255625000,1,1),(1118,9,6,'knight','builder',26,1564255625000,1,0),(1119,56,90,'knight','builder',14,1564255636000,1,0),(1120,92,56,'knight','knight',14,1564255648000,1,0),(1121,92,57,'knight','archer',14,1564255651000,1,0),(1122,20,20,'builder','builder',1,1564255692000,1,0),(1123,20,20,'builder','builder',1,1564255709000,1,0),(1124,6,9,'builder','knight',29,1564255726000,1,0),(1125,91,90,'builder','builder',13,1564255731000,1,0),(1126,92,92,'archer','archer',11,1564255733000,1,0),(1127,85,20,'builder','archer',13,1564255740000,1,0),(1128,92,92,'knight','knight',1,1564255759000,1,0),(1129,20,85,'knight','builder',14,1564255759000,1,0),(1130,10,6,'knight','builder',14,1564255761000,1,0),(1131,93,92,'knight','knight',14,1564255795000,1,0),(1132,10,6,'knight','builder',14,1564255802000,1,0),(1133,89,93,'archer','knight',18,1564255804000,1,0),(1134,9,85,'knight','builder',14,1564255828000,1,0),(1135,9,93,'knight','knight',14,1564255836000,1,0),(1136,91,9,'knight','knight',14,1564255839000,1,0),(1137,91,92,'knight','knight',14,1564255839000,1,0),(1138,85,89,'knight','archer',14,1564255842000,1,0),(1139,85,85,'knight','knight',26,1564255863000,1,1),(1140,85,10,'knight','builder',26,1564255863000,1,0),(1141,92,91,'knight','knight',14,1564255872000,1,0),(1142,92,55,'knight','builder',14,1564255878000,1,0),(1143,93,92,'knight','knight',14,1564255882000,1,0),(1144,9,85,'knight','knight',14,1564255888000,1,0),(1145,93,9,'knight','knight',14,1564255898000,1,0),(1146,90,55,'knight','builder',26,1564255899000,1,0),(1147,90,90,'knight','knight',26,1564255899000,1,1),(1148,90,6,'knight','builder',26,1564255899000,1,0),(1149,93,89,'knight','archer',14,1564255909000,1,0),(1150,93,20,'knight','archer',14,1564255913000,1,0),(1151,10,91,'builder','builder',29,1564255920000,1,0),(1152,93,9,'knight','knight',14,1564255933000,1,0),(1153,91,91,'builder','builder',1,1564255946000,1,0),(1154,89,55,'knight','knight',14,1564255949000,1,0),(1155,93,89,'knight','knight',14,1564255950000,1,0),(1156,93,92,'knight','archer',14,1564255954000,1,0),(1157,93,9,'knight','knight',14,1564255966000,1,0),(1158,89,6,'knight','builder',14,1564255980000,1,0),(1159,93,89,'knight','knight',14,1564255983000,1,0),(1160,93,92,'knight','knight',14,1564255986000,1,0),(1161,93,9,'knight','knight',14,1564255992000,1,0),(1162,92,93,'knight','knight',14,1564256011000,1,0),(1163,10,90,'knight','builder',14,1564256030000,1,0),(1164,92,91,'knight','builder',14,1564256039000,1,0),(1165,89,93,'knight','knight',14,1564256046000,1,0),(1166,92,55,'knight','knight',14,1564256057000,1,0),(1167,89,6,'knight','builder',14,1564256060000,1,0),(1168,93,89,'knight','knight',14,1564256074000,1,0),(1169,92,90,'knight','builder',14,1564256079000,1,0),(1170,93,93,'knight','knight',2,1564256315000,1,0),(1171,91,94,'knight','archer',14,1564256325000,1,0),(1172,94,91,'archer','knight',18,1564256325000,1,0),(1173,91,93,'knight','knight',14,1564256362000,1,0),(1174,91,94,'knight','archer',14,1564256363000,1,0),(1175,91,89,'knight','builder',14,1564256364000,1,0),(1176,91,94,'knight','archer',14,1564256380000,1,0),(1177,93,91,'knight','knight',14,1564256383000,1,0),(1178,93,92,'knight','archer',14,1564256401000,1,0),(1179,89,20,'knight','builder',14,1564256401000,1,0),(1180,89,91,'knight','knight',14,1564256404000,1,0),(1181,90,94,'archer','archer',18,1564256421000,1,0),(1182,93,20,'knight','builder',14,1564256432000,1,0),(1183,89,92,'knight','archer',14,1564256434000,1,0),(1184,34,90,'archer','archer',18,1564256440000,1,0),(1185,91,15,'knight','knight',14,1564256447000,1,0),(1186,93,92,'knight','knight',14,1564256461000,1,0),(1187,89,95,'knight','knight',14,1564256461000,1,0),(1188,90,93,'knight','knight',14,1564256470000,1,0),(1189,90,15,'knight','knight',14,1564256470000,1,0),(1190,95,34,'knight','archer',14,1564256480000,1,0),(1191,96,89,'knight','knight',14,1564256488000,1,0),(1192,96,55,'knight','knight',14,1564256491000,1,0),(1193,20,20,'builder','builder',1,1564256495000,1,0),(1194,90,15,'knight','knight',14,1564256497000,1,0),(1195,90,94,'knight','archer',14,1564256508000,1,0),(1196,90,93,'knight','knight',14,1564256512000,1,0),(1197,15,90,'knight','knight',14,1564256512000,1,0),(1198,95,55,'knight','knight',14,1564256514000,1,0),(1199,91,10,'knight','builder',14,1564256517000,1,0),(1200,96,89,'knight','knight',14,1564256518000,1,0),(1201,91,15,'knight','knight',14,1564256519000,1,0),(1202,95,55,'knight','knight',14,1564256533000,1,0),(1203,91,34,'knight','archer',14,1564256536000,1,0),(1204,96,89,'knight','knight',14,1564256543000,1,0),(1205,96,15,'knight','knight',14,1564256548000,1,0),(1206,93,96,'knight','knight',14,1564256549000,1,0),(1207,95,10,'knight','builder',14,1564256554000,1,0),(1208,89,95,'knight','knight',14,1564256565000,1,0),(1209,91,15,'knight','knight',14,1564256784000,1,0),(1210,91,90,'knight','builder',14,1564256803000,1,0),(1211,93,15,'knight','knight',14,1564256818000,1,0),(1212,91,90,'knight','knight',14,1564256837000,1,0),(1213,93,15,'knight','knight',14,1564256841000,1,0),(1214,93,94,'knight','archer',14,1564256847000,1,0),(1215,90,91,'knight','knight',14,1564256856000,1,0),(1216,93,6,'knight','builder',14,1564256857000,1,0),(1217,15,10,'knight','builder',14,1564256861000,1,0),(1218,98,90,'knight','knight',14,1564256867000,1,0),(1219,93,15,'knight','knight',14,1564256870000,1,0),(1220,93,94,'knight','archer',14,1564256893000,1,0),(1221,93,90,'knight','knight',14,1564256899000,1,0),(1222,91,15,'knight','knight',14,1564256900000,1,0),(1223,6,97,'builder','archer',29,1564256904000,1,0),(1224,15,93,'knight','knight',14,1564256920000,1,0),(1225,91,90,'knight','knight',14,1564256934000,1,0),(1226,99,91,'knight','knight',10,1564256935000,1,0),(1227,98,15,'knight','knight',14,1564256937000,1,0),(1228,34,99,'archer','knight',18,1564256941000,1,0),(1229,98,6,'knight','builder',14,1564256951000,1,0),(1230,93,94,'knight','archer',26,1564256957000,1,0),(1231,90,10,'builder','builder',13,1564256970000,1,0),(1232,93,90,'knight','builder',14,1564256971000,1,0),(1233,93,15,'knight','builder',14,1564256995000,1,0),(1234,93,94,'knight','archer',14,1564257009000,1,0),(1235,91,90,'knight','knight',14,1564257020000,1,0),(1236,34,6,'archer','builder',19,1564257029000,1,0),(1237,94,94,'knight','knight',16,1564257034000,1,1),(1238,34,15,'archer','knight',18,1564257041000,1,0),(1239,90,91,'knight','knight',14,1564257052000,1,0),(1240,90,98,'knight','knight',2,1564257055000,1,0),(1241,93,90,'knight','knight',14,1564257057000,1,0),(1242,15,97,'knight','archer',14,1564257063000,1,0),(1243,15,10,'knight','builder',14,1564257064000,1,0),(1244,91,94,'knight','knight',14,1564257078000,1,0),(1245,91,20,'knight','archer',14,1564257079000,1,0),(1246,93,15,'knight','knight',14,1564257083000,1,0),(1247,91,6,'knight','builder',14,1564257092000,1,0),(1248,91,90,'knight','builder',14,1564257093000,1,0),(1249,98,91,'knight','knight',14,1564257100000,1,0),(1250,93,98,'knight','knight',14,1564257102000,1,0),(1251,15,97,'knight','archer',14,1564257113000,1,0),(1252,15,93,'knight','knight',14,1564257120000,1,0),(1253,15,10,'knight','builder',14,1564257124000,1,0),(1254,98,97,'knight','archer',14,1564257148000,1,0),(1255,98,91,'knight','knight',14,1564257149000,1,0),(1256,93,15,'knight','knight',10,1564257160000,1,0),(1257,91,6,'knight','builder',14,1564257171000,1,0),(1258,94,91,'knight','knight',14,1564257173000,1,0),(1259,94,93,'knight','knight',14,1564257177000,1,0),(1260,98,98,'knight','knight',26,1564257191000,1,1),(1261,98,10,'knight','builder',26,1564257191000,1,0),(1262,93,94,'knight','knight',26,1564257196000,1,0),(1263,93,15,'knight','knight',26,1564257196000,1,0),(1264,98,91,'knight','knight',14,1564257224000,1,0),(1265,94,15,'knight','knight',14,1564257239000,1,0),(1266,94,93,'knight','knight',14,1564257251000,1,0),(1267,98,10,'knight','builder',14,1564257262000,1,0),(1268,91,94,'knight','knight',14,1564257265000,1,0),(1269,93,6,'knight','builder',14,1564257280000,1,0),(1270,93,98,'knight','knight',14,1564257284000,1,0),(1271,93,90,'knight','builder',14,1564257286000,1,0),(1272,94,15,'knight','knight',14,1564257298000,1,0),(1273,91,94,'knight','knight',14,1564257306000,1,0),(1274,6,10,'builder','builder',13,1564257316000,1,0),(1275,93,98,'knight','knight',14,1564257318000,1,0),(1276,98,15,'knight','knight',28,1564257319000,1,0),(1277,98,93,'knight','knight',27,1564257319000,1,0),(1278,91,90,'knight','archer',14,1564257331000,1,0),(1279,94,15,'knight','knight',14,1564257355000,1,0),(1280,93,94,'knight','knight',10,1564257358000,1,0),(1281,98,93,'knight','knight',14,1564257362000,1,0),(1282,98,91,'knight','archer',14,1564257363000,1,0),(1283,15,90,'knight','knight',14,1564257378000,1,0),(1284,91,98,'archer','knight',18,1564257381000,1,0),(1285,15,90,'knight','builder',14,1564257415000,1,0),(1286,94,15,'knight','knight',14,1564257417000,1,0),(1287,93,94,'knight','knight',14,1564257420000,1,0),(1288,91,98,'archer','knight',18,1564257422000,1,0),(1289,93,20,'knight','builder',14,1564257424000,1,0),(1290,15,91,'knight','archer',27,1564257426000,1,1),(1291,15,93,'knight','knight',27,1564257426000,1,1),(1292,98,34,'knight','builder',14,1564257446000,1,0),(1293,15,94,'knight','knight',14,1564257451000,1,0),(1294,90,10,'builder','builder',13,1564257452000,1,0),(1295,93,98,'knight','knight',2,1564257467000,1,0),(1296,91,20,'archer','builder',18,1564257469000,1,0),(1297,26,90,'knight','builder',14,1564257478000,1,0),(1298,93,94,'knight','knight',14,1564257482000,1,0),(1299,15,100,'knight','knight',14,1564257482000,1,0),(1300,15,98,'knight','knight',14,1564257491000,1,0),(1301,98,15,'knight','knight',14,1564257505000,1,0),(1302,98,91,'knight','archer',14,1564257511000,1,0),(1303,90,93,'builder','knight',29,1564257515000,1,0),(1304,98,26,'knight','knight',14,1564257521000,1,0),(1305,10,6,'builder','builder',13,1564257524000,1,0),(1306,98,10,'knight','builder',14,1564257528000,1,0),(1307,15,100,'knight','knight',14,1564257535000,1,0),(1308,98,15,'knight','knight',14,1564257542000,1,0),(1309,98,26,'knight','knight',14,1564257548000,1,0),(1310,93,98,'knight','knight',14,1564257569000,1,0),(1311,94,91,'knight','archer',14,1564257569000,1,0),(1312,15,100,'knight','knight',14,1564257570000,1,0),(1313,93,94,'knight','knight',14,1564257576000,1,0),(1314,98,15,'knight','knight',14,1564257590000,1,0),(1315,93,90,'knight','builder',14,1564257606000,1,0),(1316,93,98,'knight','knight',14,1564257607000,1,0),(1317,91,20,'archer','builder',18,1564257619000,1,0),(1318,15,15,'knight','knight',16,1564257631000,1,1),(1319,93,98,'knight','knight',14,1564257635000,1,0),(1320,90,34,'knight','builder',16,1564257637000,1,0),(1321,91,94,'archer','archer',18,1564257637000,1,0),(1322,93,6,'knight','builder',14,1564257639000,1,0),(1323,90,15,'knight','knight',14,1564257653000,1,0),(1324,93,90,'knight','knight',10,1564257654000,1,0),(1325,26,15,'knight','builder',14,1564257870000,1,0),(1326,90,26,'builder','knight',29,1564257875000,1,0),(1327,48,6,'knight','builder',14,1564257889000,1,0),(1328,26,90,'knight','builder',14,1564257896000,1,0),(1329,48,15,'knight','knight',14,1564257898000,1,0),(1330,15,26,'knight','knight',14,1564257922000,1,0),(1331,48,15,'knight','knight',14,1564257922000,1,0),(1332,48,90,'knight','knight',14,1564257927000,1,0),(1333,15,48,'knight','knight',14,1564257947000,1,0),(1334,15,48,'knight','knight',14,1564257983000,1,0),(1335,48,15,'knight','knight',28,1564257985000,1,0),(1336,15,48,'knight','knight',14,1564258011000,1,0),(1337,48,6,'knight','builder',28,1564258018000,1,0),(1338,48,15,'knight','knight',28,1564258018000,1,0),(1339,15,48,'knight','knight',14,1564258058000,1,0),(1340,15,90,'knight','builder',14,1564258059000,1,0),(1341,90,10,'builder','builder',29,1564258059000,1,0),(1342,15,90,'knight','builder',14,1564258089000,1,0),(1343,48,15,'knight','knight',14,1564258103000,1,0),(1344,10,34,'builder','builder',13,1564258104000,1,0),(1345,48,10,'knight','builder',14,1564258110000,1,0),(1346,15,90,'knight','builder',14,1564258118000,1,0),(1347,90,15,'builder','knight',28,1564258120000,1,0),(1348,48,10,'knight','builder',14,1564258133000,1,0),(1349,48,15,'knight','knight',14,1564258137000,1,0),(1350,6,34,'builder','archer',29,1564258164000,1,0),(1351,15,90,'knight','builder',14,1564258169000,1,0),(1352,10,48,'builder','knight',13,1564258198000,1,0),(1353,34,6,'builder','builder',13,1564258219000,1,0),(1354,15,15,'knight','knight',26,1564258240000,1,1),(1355,48,6,'knight','builder',10,1564258248000,1,0),(1356,10,90,'builder','builder',29,1564258249000,1,0),(1357,34,10,'builder','builder',13,1564258258000,1,0),(1358,48,6,'knight','builder',14,1564258268000,1,0),(1359,48,15,'knight','knight',14,1564258276000,1,0),(1360,10,90,'builder','builder',13,1564258279000,1,0),(1361,90,10,'builder','builder',28,1564258281000,1,0),(1362,15,48,'knight','knight',14,1564258294000,1,0),(1363,10,90,'builder','builder',13,1564258310000,1,0),(1364,15,90,'knight','builder',10,1564258331000,1,0),(1365,15,48,'knight','knight',14,1564258334000,1,0),(1366,34,10,'archer','builder',19,1564258348000,1,0),(1367,101,3,'knight','archer',14,1564282143000,4,0),(1368,101,3,'knight','archer',10,1564282188000,4,0),(1369,103,103,'knight','knight',29,1564312103999,2,0),(1370,103,102,'knight','archer',14,1564312150859,2,0),(1371,103,102,'knight','archer',14,1564312251113,2,0),(1372,103,102,'knight','archer',14,1564312286951,2,0),(1373,103,102,'knight','knight',14,1564312310413,2,0),(1374,102,104,'knight','archer',14,1564312363513,2,0),(1375,104,104,'archer','archer',29,1564312415616,2,0),(1376,102,104,'knight','archer',14,1564312437893,2,0);
/*!40000 ALTER TABLE `kills` ENABLE KEYS */;
UNLOCK TABLES;

--
-- Table structure for table `nemesis`
--

DROP TABLE IF EXISTS `nemesis`;
/*!40101 SET @saved_cs_client     = @@character_set_client */;
/*!40101 SET character_set_client = utf8 */;
CREATE TABLE `nemesis` (
  `playerID` int(11) NOT NULL,
  `nemesisID` int(11) NOT NULL,
  `deaths` int(11) NOT NULL DEFAULT '0',
  PRIMARY KEY (`playerID`,`nemesisID`),
  KEY `nemesisID` (`nemesisID`),
  CONSTRAINT `nemesis_ibfk_1` FOREIGN KEY (`playerID`) REFERENCES `players` (`ID`),
  CONSTRAINT `nemesis_ibfk_2` FOREIGN KEY (`nemesisID`) REFERENCES `players` (`ID`)
) ENGINE=InnoDB DEFAULT CHARSET=latin1;
/*!40101 SET character_set_client = @saved_cs_client */;

--
-- Dumping data for table `nemesis`
--

LOCK TABLES `nemesis` WRITE;
/*!40000 ALTER TABLE `nemesis` DISABLE KEYS */;
INSERT INTO `nemesis` VALUES (1,2,4),(1,4,1),(1,6,1),(1,8,1),(1,9,3),(1,11,7),(1,15,2),(1,25,2),(1,26,1),(2,1,14),(2,5,1),(2,6,1),(2,7,5),(2,12,3),(2,14,1),(2,17,1),(2,18,1),(2,19,2),(3,101,2),(4,1,7),(4,5,1),(4,7,3),(4,8,1),(4,12,1),(5,2,4),(5,4,5),(5,6,1),(5,8,2),(5,9,4),(5,11,5),(5,15,4),(5,21,2),(5,23,1),(5,26,1),(5,27,1),(6,1,5),(6,5,3),(6,7,2),(6,8,1),(6,9,1),(6,10,10),(6,12,5),(6,14,3),(6,18,3),(6,19,6),(6,22,2),(6,23,1),(6,27,8),(6,32,1),(6,34,2),(6,35,2),(6,36,3),(6,38,1),(6,40,2),(6,42,2),(6,44,1),(6,48,5),(6,49,3),(6,53,1),(6,89,4),(6,90,1),(6,91,2),(6,93,3),(6,98,1),(7,2,4),(7,4,5),(7,6,1),(7,9,5),(7,11,6),(7,15,2),(8,4,1),(8,10,1),(8,11,1),(8,26,1),(8,27,2),(9,1,8),(9,5,4),(9,6,1),(9,7,5),(9,8,2),(9,12,2),(9,14,1),(9,17,1),(9,18,5),(9,19,3),(9,21,1),(9,23,3),(9,27,2),(9,32,1),(9,56,1),(9,87,1),(9,91,1),(9,93,4),(10,1,3),(10,6,1),(10,7,1),(10,8,1),(10,12,1),(10,15,3),(10,19,1),(10,23,1),(10,34,2),(10,44,1),(10,45,3),(10,46,3),(10,47,3),(10,48,2),(10,51,1),(10,52,2),(10,85,1),(10,90,4),(10,91,1),(10,95,1),(10,98,3),(11,1,14),(11,5,3),(11,7,3),(11,8,1),(11,12,1),(11,18,2),(11,19,2),(11,24,2),(11,27,1),(11,32,2),(12,2,3),(12,6,1),(12,8,4),(12,9,1),(12,11,5),(12,15,5),(12,17,1),(12,21,2),(12,25,3),(12,26,2),(13,1,1),(13,5,1),(14,2,1),(14,9,1),(14,10,2),(14,11,2),(14,21,1),(14,23,4),(14,27,7),(14,34,1),(14,35,1),(14,36,2),(14,42,1),(14,44,1),(14,46,3),(15,1,9),(15,5,1),(15,7,3),(15,8,1),(15,12,3),(15,17,1),(15,18,4),(15,19,3),(15,23,3),(15,24,1),(15,26,1),(15,34,1),(15,48,7),(15,90,4),(15,91,4),(15,93,7),(15,94,4),(15,96,1),(15,98,5),(17,2,2),(17,9,2),(17,10,1),(17,15,1),(18,2,2),(18,6,1),(18,9,3),(18,10,6),(18,15,3),(18,19,2),(18,22,3),(18,25,4),(18,26,1),(18,27,7),(18,36,3),(18,42,3),(18,44,3),(18,45,4),(18,46,3),(18,47,4),(18,49,2),(18,50,1),(18,51,4),(18,52,1),(19,2,3),(19,6,3),(19,9,3),(19,10,1),(19,11,3),(19,15,3),(19,21,1),(19,22,1),(19,23,7),(19,25,1),(19,26,2),(19,27,1),(19,33,1),(19,34,2),(19,35,1),(19,39,2),(19,41,2),(19,43,2),(19,44,1),(19,45,3),(19,46,2),(20,8,1),(20,10,1),(20,14,1),(20,18,1),(20,41,1),(20,44,1),(20,47,2),(20,49,1),(20,85,1),(20,89,1),(20,91,3),(20,93,3),(21,1,1),(21,14,1),(21,19,3),(22,10,4),(22,14,1),(22,18,1),(22,19,4),(22,20,1),(22,21,1),(22,25,1),(22,27,5),(22,36,1),(22,38,2),(22,48,1),(23,9,3),(23,11,1),(23,15,1),(23,19,3),(23,25,5),(23,26,1),(23,27,2),(23,28,1),(23,30,1),(23,32,5),(24,27,3),(25,14,1),(25,18,1),(25,23,7),(26,1,1),(26,6,1),(26,10,1),(26,15,1),(26,18,1),(26,19,1),(26,23,5),(26,25,2),(26,30,1),(26,90,1),(26,98,2),(27,6,1),(27,9,1),(27,11,2),(27,14,1),(27,19,1),(27,21,1),(27,22,2),(27,23,1),(27,33,1),(27,34,2),(27,35,1),(27,39,1),(27,40,4),(27,41,2),(27,44,2),(27,45,1),(28,9,1),(28,11,2),(28,21,1),(28,23,3),(28,25,2),(28,27,2),(29,11,1),(29,26,2),(30,1,1),(30,18,1),(30,23,1),(32,9,1),(32,23,2),(32,33,2),(32,34,2),(33,19,1),(33,32,2),(34,6,1),(34,10,1),(34,19,3),(34,27,4),(34,90,1),(34,91,1),(34,95,1),(34,98,1),(35,34,2),(35,40,1),(35,41,1),(35,44,1),(35,45,1),(36,14,2),(36,21,1),(36,34,3),(36,40,1),(36,41,3),(36,42,1),(36,44,4),(36,45,4),(36,46,2),(38,18,1),(38,34,2),(38,39,3),(38,40,1),(39,19,3),(39,20,1),(39,35,1),(39,36,1),(39,38,4),(39,41,1),(39,44,3),(39,45,2),(40,19,3),(40,22,1),(40,27,6),(40,35,2),(40,36,1),(40,38,1),(40,42,1),(40,43,2),(40,45,4),(40,46,8),(40,47,2),(40,51,4),(40,52,1),(40,53,1),(40,57,2),(41,10,4),(41,19,1),(41,27,2),(41,35,1),(41,36,2),(41,42,2),(42,6,1),(42,18,1),(42,44,1),(42,45,2),(42,46,1),(43,10,1),(43,19,1),(43,27,2),(43,36,1),(43,40,2),(43,42,2),(43,44,3),(43,46,1),(43,47,5),(43,48,3),(43,49,7),(43,53,1),(43,54,3),(43,83,2),(44,10,5),(44,14,1),(44,19,1),(44,27,2),(44,36,1),(44,45,2),(44,46,10),(44,47,3),(44,48,4),(44,51,1),(44,52,3),(45,10,1),(45,27,1),(45,40,1),(45,42,3),(45,48,1),(45,49,2),(45,53,1),(45,54,3),(45,56,1),(45,58,1),(45,84,1),(45,85,1),(46,10,1),(46,14,2),(46,19,2),(46,27,1),(46,40,3),(46,42,1),(46,44,4),(46,48,1),(46,49,3),(46,50,1),(46,53,2),(46,54,1),(46,83,1),(47,10,1),(47,44,2),(47,48,1),(47,54,1),(47,57,2),(47,58,1),(47,82,1),(47,83,1),(47,87,2),(48,6,1),(48,10,1),(48,15,6),(48,44,2),(48,45,2),(48,46,4),(48,47,4),(48,49,2),(48,50,1),(48,85,1),(49,10,1),(49,18,1),(49,43,1),(49,45,3),(49,46,2),(49,47,2),(49,48,4),(49,51,1),(49,52,2),(49,55,1),(49,57,1),(50,18,1),(50,43,1),(50,45,1),(50,46,1),(51,10,1),(51,40,4),(51,43,1),(51,44,3),(51,48,1),(51,49,3),(51,53,2),(51,54,1),(51,56,1),(52,40,2),(52,44,2),(52,46,1),(52,48,1),(52,50,2),(52,53,2),(52,54,1),(53,46,3),(53,47,1),(54,6,1),(54,43,1),(54,46,2),(54,52,1),(55,49,3),(55,54,1),(55,89,1),(55,90,1),(55,92,2),(55,95,2),(55,96,1),(56,9,4),(56,10,2),(56,43,1),(56,44,1),(56,45,3),(56,46,4),(56,47,6),(56,51,1),(56,52,1),(56,53,1),(56,54,2),(56,89,2),(56,92,1),(57,9,1),(57,40,1),(57,44,2),(57,45,1),(57,47,1),(57,48,1),(57,49,1),(57,50,1),(57,56,2),(57,89,3),(57,92,1),(58,43,2),(58,45,3),(58,47,1),(58,57,1),(82,46,1),(82,47,1),(82,51,1),(82,57,1),(83,43,1),(83,46,1),(83,47,2),(83,51,1),(84,51,1),(85,6,1),(85,9,2),(85,20,1),(85,43,1),(85,45,1),(85,47,2),(85,89,2),(86,45,2),(87,45,1),(87,85,1),(87,89,1),(87,90,1),(88,56,1),(89,6,1),(89,56,1),(89,85,1),(89,87,1),(89,91,1),(89,93,4),(89,96,3),(90,10,4),(90,15,8),(90,26,2),(90,34,1),(90,48,1),(90,56,1),(90,91,7),(90,92,1),(90,93,6),(90,98,1),(91,10,1),(91,15,1),(91,89,1),(91,90,2),(91,92,2),(91,93,1),(91,94,3),(91,98,5),(91,99,1),(92,89,1),(92,91,1),(92,93,6),(93,9,1),(93,15,3),(93,89,2),(93,90,3),(93,91,1),(93,92,1),(93,94,2),(93,98,2),(94,15,1),(94,90,2),(94,91,7),(94,93,9),(95,89,2),(96,93,1),(97,6,1),(97,15,2),(97,98,1),(98,15,1),(98,90,1),(98,91,2),(98,93,7),(99,34,1),(100,15,3),(102,103,4),(104,102,2);
/*!40000 ALTER TABLE `nemesis` ENABLE KEYS */;
UNLOCK TABLES;

--
-- Table structure for table `players`
--

DROP TABLE IF EXISTS `players`;
/*!40101 SET @saved_cs_client     = @@character_set_client */;
/*!40101 SET character_set_client = utf8 */;
CREATE TABLE `players` (
  `ID` int(11) NOT NULL AUTO_INCREMENT,
  `username` varchar(30) COLLATE utf8mb4_bin NOT NULL,
  `charactername` varchar(30) COLLATE utf8mb4_bin NOT NULL,
  `clantag` varchar(30) COLLATE utf8mb4_bin NOT NULL,
  `oldgold` tinyint(1) NOT NULL DEFAULT '0',
  `registered` varchar(100) COLLATE utf8mb4_bin NOT NULL DEFAULT '',
  `role` int(11) NOT NULL DEFAULT '0',
  `avatar` varchar(255) COLLATE utf8mb4_bin NOT NULL DEFAULT '',
  `tier` int(11) NOT NULL DEFAULT '0',
  PRIMARY KEY (`ID`),
  UNIQUE KEY `username` (`username`)
) ENGINE=InnoDB AUTO_INCREMENT=108 DEFAULT CHARSET=utf8mb4 COLLATE=utf8mb4_bin;
/*!40101 SET character_set_client = @saved_cs_client */;

--
-- Dumping data for table `players`
--

LOCK TABLES `players` WRITE;
/*!40000 ALTER TABLE `players` DISABLE KEYS */;
INSERT INTO `players` VALUES (1,'Sxneca','Sxneca','',0,'2019-05-27 02:40:05',0,'https://forum.thd.vg/data/avatars/l/19/19056.jpg',0),(2,'roverboy110518','roverboy1105','storm',0,'2019-04-21 17:00:37',0,'',0),(3,'Verrazano','Witch','',1,'2011-11-09 05:20:22',4,'https://forum.thd.vg/data/avatars/l/2/2182.jpg',4),(4,'Popuko','Popuko','',0,'2019-04-23 01:24:01',0,'',0),(5,'nutella70','nutella','',0,'2019-07-26 23:44:16',0,'',0),(6,'Ghoula','Ghoula','',0,'2019-06-07 16:24:51',0,'',0),(7,'JakubekXD','PaPajTheLad','',1,'2016-07-01 09:29:56',0,'',0),(8,'fioz','Fioz','',1,'2012-04-20 16:01:26',0,'https://forum.thd.vg/data/avatars/l/5/5371.jpg',0),(9,'BS6924','BrunoZM','',0,'2019-07-16 01:08:59',0,'',0),(10,'tunt','tunt','',1,'2014-05-09 05:28:33',0,'',0),(11,'vinicioseric','Decix','Dust',1,'2015-07-11 19:16:07',0,'',0),(12,'robitwaffle','Robitwaffle','',0,'2018-07-17 12:25:06',0,'',0),(13,'angedimkol','angedimkol','',0,'2019-07-17 12:16:38',0,'',0),(14,'Jafar','Jafar','',1,'2013-06-15 12:35:39',0,'https://forum.thd.vg/data/avatars/l/10/10506.jpg',0),(15,'Jarko95','Kwinto','',1,'2013-01-29 05:29:35',0,'',0),(16,'saiman21022014','ZelkinS','HOMEK',1,'2014-08-27 09:53:59',0,'',3),(17,'Fito1414','FausCyT','',1,'2018-11-30 18:30:01',0,'',0),(18,'Framdr','Emperor','',0,'2019-04-18 13:30:27',0,'',0),(19,'Werick','Xerepenis','',1,'2015-06-26 22:44:21',0,'',0),(20,'konstasavolainen534','hmph.','',0,'2019-06-17 10:54:40',0,'',0),(21,'Zombieland_Citizen','ArcanoidGame','R*',1,'2013-11-14 13:08:30',0,'',0),(22,'CreepRyder','Ryder','',1,'2014-10-22 00:08:43',0,'',0),(23,'KNZLink','efmero','knz',1,'2013-12-14 13:35:04',0,'https://forum.thd.vg/data/avatars/l/18/18897.jpg',0),(24,'UnkoMoreru','HELP!!','Unko',1,'2018-10-30 05:49:03',0,'',0),(25,'Amrrrica','Gunslinger','',1,'2013-11-16 18:56:16',0,'',3),(26,'utx90','believer in prawn','hemok',1,'2015-06-20 00:04:10',0,'',0),(27,'oscar4500','VirtualGamer450','',1,'2013-03-07 11:27:42',0,'https://forum.thd.vg/data/avatars/l/9/9636.jpg',0),(28,'benjaminhf','Kirkegaard','',1,'2012-08-25 14:01:24',0,'',0),(29,'smokinggun95','smokinggun95','Republican',1,'2014-11-08 08:17:14',0,'',0),(30,'Smashmandk','Smashmandk','',0,'2019-06-10 09:57:00',0,'',0),(31,'Spartan22','Spartan','',0,'2019-06-21 13:47:19',0,'',0),(32,'DAS228','DAS228','',1,'2018-03-18 08:55:11',0,'',0),(33,'bettin97','BerlinerWildsau','butter',1,'2015-12-26 22:42:53',0,'',0),(34,'Happy_ELK','Wywmy','',1,'2015-06-18 16:09:58',0,'',0),(35,'lajaunh','lajaunh','',0,'2019-04-24 21:46:20',0,'',0),(36,'holly33','holly33','',0,'2019-04-22 00:30:57',0,'',0),(37,'Magmus','Magmus','NWO',1,'2015-06-23 16:24:58',0,'https://forum.thd.vg/data/avatars/l/16/16237.jpg',0),(38,'urlaub','urlaub','',0,'2019-04-21 12:11:07',0,'',0),(39,'Ginko25','King in Yellow','',1,'2014-01-04 02:16:22',0,'',0),(40,'mrgbrown2','mrgbrown2','BLOODAXE',1,'2013-11-24 14:10:55',0,'',0),(41,'spaceorbitplus','spaceorbitplus','',1,'2013-12-25 14:41:39',0,'',0),(42,'AeroDemon','satans pp','',1,'2015-05-26 22:26:05',0,'',0),(43,'PATATAMAN','wanwaner','',0,'2019-04-20 06:03:17',0,'',0),(44,'Vetteran','Vetteran','Leeroy',1,'2012-02-29 01:52:55',0,'https://forum.thd.vg/data/avatars/l/4/4764.jpg',0),(45,'an_obamanation','Mayor Gooden','ziggy',1,'2015-10-13 06:17:42',0,'https://forum.thd.vg/data/avatars/l/16/16682.jpg',0),(46,'teKK1','moz','',1,'2013-11-08 00:06:07',0,'https://forum.thd.vg/data/avatars/l/14/14930.jpg',0),(47,'willbo360','Stronger Donger','wah',1,'2013-02-25 16:37:32',0,'',0),(48,'JonnyNinjaDude','__','Luna',1,'2013-11-09 16:40:29',0,'https://forum.thd.vg/data/avatars/l/17/17148.jpg',0),(49,'FrostGalaxyGamer','Leaf','GreenEggsA',1,'2015-03-04 23:12:21',0,'https://forum.thd.vg/data/avatars/l/15/15634.jpg',0),(50,'SandCompressor','SandCompressor','',0,'2017-04-15 03:00:39',0,'https://forum.thd.vg/data/avatars/l/18/18829.jpg',0),(51,'art3','art','[JP]',1,'2016-12-11 20:12:40',0,'',0),(52,'Mewbi','Mewbi','',1,'2016-12-27 17:45:51',0,'',0),(53,'Known','NotNotHortler','',1,'2015-07-27 23:36:40',0,'https://forum.thd.vg/data/avatars/l/18/18199.jpg',0),(54,'PrimalFear7','Master Of CockFights','HOMEK',1,'2017-06-20 01:14:30',0,'https://forum.thd.vg/data/avatars/l/18/18704.jpg',4),(55,'elkevin005','elkevin005','',0,'2019-04-21 01:14:42',0,'',0),(56,'Kyrst','Kyrst','',1,'2012-01-28 22:50:51',0,'',0),(57,'snowie','Snow','',0,'2011-11-14 00:35:43',0,'',0),(58,'Naiken','Naiken','',0,'2019-04-25 12:48:15',0,'',0),(82,'merlindeguerre','merlindeguerre','',0,'2019-04-20 16:29:21',0,'',0),(83,'ValaBR','ValaBR','',0,'2019-06-27 00:12:51',0,'',0),(84,'matber343','Matber343','',1,'2013-11-16 10:45:13',0,'',0),(85,'Niyado','Gio','',1,'2013-12-24 03:36:26',0,'',0),(86,'RazzKilla','ButterF1nG3R-Z','',1,'2013-12-28 05:10:47',0,'',0),(87,'summary_ace_attorney','Summary Dynasty','413',1,'2015-06-27 13:23:19',0,'',0),(88,'syntribos','Josh','',0,'2012-08-09 13:10:31',0,'',0),(89,'Maigret','RubenPL','',1,'2019-03-09 10:04:57',0,'',0),(90,'kongo73','mail','butter',1,'2018-06-25 19:49:53',0,'',0),(91,'the_great_googilymoo','Googily','',1,'2015-08-05 18:05:04',0,'',0),(92,'Palestrina','Saavedra','',0,'2019-06-16 03:48:19',0,'',0),(93,'daumebid','plasma cutter','',1,'2018-12-03 01:15:00',0,'https://forum.thd.vg/data/avatars/l/18/18732.jpg',0),(94,'Human30','is coming...','',0,'2019-04-19 20:12:57',0,'',0),(95,'Ronaldosz','Ronaldosz','',0,'2019-04-18 12:17:07',0,'',0),(96,'Le_Chameau','Le Chameau','',1,'2015-10-20 22:35:48',0,'',0),(97,'aw796570','aw796570','',0,'2019-06-26 17:24:21',0,'',0),(98,'derekco','assassan','',1,'2014-04-26 21:38:22',0,'',0),(99,'de_licious','Cardboard Box','HOMEK',1,'2016-01-16 08:55:27',0,'',4),(100,'dantariontyron1999hp','dantariontyron1999hp','',0,'2019-07-13 19:12:36',0,'',0),(101,'UdoMorn99','Melubnio','SPER M',1,'2015-01-11 11:35:03',0,'https://forum.thd.vg/data/avatars/l/17/17851.jpg',0),(102,'nuzasho','','',0,'2019-07-27 18:32:45',0,'',0),(103,'TTETPOB','TTETPOB','',0,'2019-05-03 11:01:10',0,'',0),(104,'frangeorgeelliott','Trollbird32','',1,'2017-07-01 12:34:25',0,'',0),(105,'NicoNapoESP','NicoNapo[ESP]','',0,'2019-05-22 20:39:57',0,'',0),(106,'lolpoland4','lolpoland4','',0,'2019-07-28 16:55:16',0,'',0),(107,'pavelbuzhin','pavelbuzhin','',0,'2019-04-20 18:19:17',0,'',0);
/*!40000 ALTER TABLE `players` ENABLE KEYS */;
UNLOCK TABLES;

--
-- Table structure for table `servers`
--

DROP TABLE IF EXISTS `servers`;
/*!40101 SET @saved_cs_client     = @@character_set_client */;
/*!40101 SET character_set_client = utf8 */;
CREATE TABLE `servers` (
  `ID` int(11) NOT NULL AUTO_INCREMENT,
  `name` varchar(255) NOT NULL,
  `description` varchar(255) NOT NULL,
  `gamemode` varchar(30) NOT NULL,
  `address` varchar(30) NOT NULL,
  `port` varchar(30) NOT NULL,
  `tags` varchar(1000) DEFAULT NULL,
  PRIMARY KEY (`ID`),
  UNIQUE KEY `name` (`name`)
) ENGINE=InnoDB AUTO_INCREMENT=9 DEFAULT CHARSET=latin1;
/*!40101 SET character_set_client = @saved_cs_client */;

--
-- Dumping data for table `servers`
--

LOCK TABLES `servers` WRITE;
/*!40000 ALTER TABLE `servers` DISABLE KEYS */;
INSERT INTO `servers` VALUES (1,'Verra\'s CTF US','Vanilla CTF server hosted by Verra.','CTF','34.74.205.204','50301','US,CTF,Test'),(2,'Verra\'s TDM US','Vanilla TDM server hosted by Verra.','TDM','34.74.205.204','50302','US,TDM,Test'),(3,'Verra\'s CTF EU','Vanilla CTF server hosted by Verra.','CTF','35.242.220.202','50301','EU,CTF,Test'),(4,'Verra\'s TDM EU','','TDM','35.242.220.202','50302','EU,TDM,Test');
/*!40000 ALTER TABLE `servers` ENABLE KEYS */;
UNLOCK TABLES;

--
-- Table structure for table `stats_info`
--

DROP TABLE IF EXISTS `stats_info`;
/*!40101 SET @saved_cs_client     = @@character_set_client */;
/*!40101 SET character_set_client = utf8 */;
CREATE TABLE `stats_info` (
  `key_name` varchar(30) NOT NULL,
  `value` int(11) NOT NULL,
  PRIMARY KEY (`key_name`)
) ENGINE=InnoDB DEFAULT CHARSET=latin1;
/*!40101 SET character_set_client = @saved_cs_client */;

--
-- Dumping data for table `stats_info`
--

LOCK TABLES `stats_info` WRITE;
/*!40000 ALTER TABLE `stats_info` DISABLE KEYS */;
INSERT INTO `stats_info` VALUES ('database_version',1);
/*!40000 ALTER TABLE `stats_info` ENABLE KEYS */;
UNLOCK TABLES;

--
-- Table structure for table `top_hitters`
--

DROP TABLE IF EXISTS `top_hitters`;
/*!40101 SET @saved_cs_client     = @@character_set_client */;
/*!40101 SET character_set_client = utf8 */;
CREATE TABLE `top_hitters` (
  `playerID` int(11) NOT NULL,
  `hitter` int(11) NOT NULL,
  `kills` int(11) NOT NULL DEFAULT '0',
  PRIMARY KEY (`playerID`,`hitter`),
  CONSTRAINT `top_hitters_ibfk_1` FOREIGN KEY (`playerID`) REFERENCES `players` (`ID`)
) ENGINE=InnoDB DEFAULT CHARSET=latin1;
/*!40101 SET character_set_client = @saved_cs_client */;

--
-- Dumping data for table `top_hitters`
--

LOCK TABLES `top_hitters` WRITE;
/*!40000 ALTER TABLE `top_hitters` DISABLE KEYS */;
INSERT INTO `top_hitters` VALUES (1,10,1),(1,14,43),(1,16,8),(1,18,5),(1,19,3),(1,28,1),(1,30,3),(2,14,17),(2,16,3),(2,18,3),(4,14,9),(4,16,1),(4,27,1),(4,28,1),(5,10,2),(5,14,8),(5,18,3),(5,20,1),(6,1,2),(6,13,1),(6,14,1),(6,18,7),(6,29,9),(7,14,20),(7,30,2),(8,8,1),(8,16,1),(8,20,2),(8,29,6),(8,30,5),(9,10,1),(9,14,32),(9,16,2),(9,26,1),(9,28,1),(10,13,8),(10,14,7),(10,16,6),(10,18,6),(10,19,1),(10,20,9),(10,25,2),(10,27,3),(10,28,4),(10,29,3),(10,31,2),(11,14,27),(11,16,4),(11,18,2),(11,19,1),(11,28,1),(12,8,1),(12,14,7),(12,16,1),(12,18,6),(12,19,1),(14,10,1),(14,14,2),(14,18,8),(14,19,1),(14,29,3),(15,8,1),(15,10,1),(15,14,42),(15,16,4),(15,27,2),(17,14,3),(17,26,1),(18,10,1),(18,13,1),(18,14,20),(18,30,2),(19,10,1),(19,14,31),(19,16,4),(19,18,8),(19,19,2),(20,13,2),(20,14,1),(21,13,1),(21,14,3),(21,16,2),(21,18,3),(21,26,2),(22,10,1),(22,13,1),(22,21,1),(22,29,1),(22,30,5),(23,10,1),(23,14,34),(23,16,1),(23,26,1),(23,28,2),(24,18,3),(25,13,1),(25,14,14),(25,27,1),(25,28,4),(26,14,14),(27,2,1),(27,7,1),(27,8,2),(27,10,3),(27,14,8),(27,18,37),(27,19,1),(27,20,1),(27,26,1),(27,30,4),(28,14,1),(30,2,1),(30,14,1),(32,10,1),(32,14,10),(33,14,4),(34,13,2),(34,18,17),(34,19,2),(35,10,1),(35,14,6),(35,21,1),(35,29,1),(36,2,2),(36,10,2),(36,18,11),(38,14,8),(39,10,1),(39,13,1),(39,14,4),(40,14,21),(40,21,1),(41,18,10),(42,13,1),(42,14,14),(42,18,1),(43,14,8),(43,19,1),(43,26,4),(44,2,1),(44,6,1),(44,12,1),(44,14,32),(44,16,1),(44,18,1),(44,28,1),(45,10,6),(45,13,1),(45,14,30),(45,16,1),(45,18,3),(45,26,1),(45,29,1),(46,10,2),(46,14,27),(46,16,11),(46,18,8),(46,26,2),(46,29,2),(47,6,1),(47,13,1),(47,14,16),(47,16,2),(47,19,6),(47,21,1),(47,26,5),(47,27,1),(47,28,5),(47,29,1),(48,10,1),(48,14,27),(48,27,1),(48,28,4),(49,6,1),(49,10,1),(49,14,24),(49,16,1),(50,14,3),(50,29,3),(51,10,1),(51,14,8),(51,16,2),(51,26,1),(51,27,1),(51,28,2),(52,14,6),(52,16,4),(52,29,1),(53,14,10),(53,26,1),(54,1,1),(54,7,1),(54,10,1),(54,14,9),(54,19,1),(55,14,1),(56,14,5),(56,18,3),(57,18,7),(58,14,2),(82,18,1),(83,14,4),(84,14,1),(85,13,1),(85,14,1),(85,26,4),(87,14,4),(89,10,2),(89,11,1),(89,14,16),(89,18,1),(90,2,1),(90,13,2),(90,14,9),(90,16,1),(90,18,1),(90,26,2),(90,28,2),(90,29,3),(91,13,1),(91,14,25),(91,18,5),(92,14,8),(93,2,1),(93,10,3),(93,14,44),(93,26,3),(94,14,8),(94,18,1),(95,14,4),(96,14,5),(98,14,18),(98,26,1),(98,27,1),(98,28,1),(99,10,1),(101,10,1),(101,14,1),(102,14,2),(103,14,4);
/*!40000 ALTER TABLE `top_hitters` ENABLE KEYS */;
UNLOCK TABLES;
/*!40103 SET TIME_ZONE=@OLD_TIME_ZONE */;

/*!40101 SET SQL_MODE=@OLD_SQL_MODE */;
/*!40014 SET FOREIGN_KEY_CHECKS=@OLD_FOREIGN_KEY_CHECKS */;
/*!40014 SET UNIQUE_CHECKS=@OLD_UNIQUE_CHECKS */;
/*!40101 SET CHARACTER_SET_CLIENT=@OLD_CHARACTER_SET_CLIENT */;
/*!40101 SET CHARACTER_SET_RESULTS=@OLD_CHARACTER_SET_RESULTS */;
/*!40101 SET COLLATION_CONNECTION=@OLD_COLLATION_CONNECTION */;
/*!40111 SET SQL_NOTES=@OLD_SQL_NOTES */;

-- Dump completed on 2019-07-28 18:34:46
